timestamp,aqi,co,no,no2,o3,so2,pm2_5,pm10,nh3
2025-06-01T00:00:00+00:00,4.0,82.56,0.0,0.08,57.6,0.44,31.7,119.02,0.0
2025-06-01T01:00:00+00:00,4.0,83.28,0.0,0.08,58.8,0.46,33.48,122.17,0.0
2025-06-01T02:00:00+00:00,4.0,84.3,0.0,0.09,61.13,0.47,35.74,125.89,0.0
2025-06-01T03:00:00+00:00,4.0,86.11,0.01,0.09,63.78,0.47,38.4,129.82,0.0
2025-06-01T04:00:00+00:00,4.0,87.57,0.01,0.08,65.87,0.47,40.95,133.41,0.0
2025-06-01T05:00:00+00:00,4.0,88.63,0.01,0.06,66.46,0.46,42.82,135.78,0.0
2025-06-01T06:00:00+00:00,4.0,88.74,0.01,0.05,65.47,0.45,43.74,137.14,0.0
2025-06-01T07:00:00+00:00,4.0,88.25,0.01,0.05,63.44,0.44,43.83,137.85,0.0
2025-06-01T08:00:00+00:00,4.0,87.26,0.01,0.04,60.59,0.44,43.38,137.58,0.0
2025-06-01T09:00:00+00:00,4.0,86.16,0.01,0.04,57.36,0.44,42.7,136.82,0.0
2025-06-01T10:00:00+00:00,4.0,85.04,0.01,0.04,54.26,0.44,42.1,136.16,0.0
2025-06-01T11:00:00+00:00,4.0,83.49,0.01,0.05,51.3,0.44,41.19,134.25,0.0
2025-06-01T12:00:00+00:00,4.0,82.32,0.01,0.05,49.76,0.45,40.06,132.76,0.0
2025-06-01T13:00:00+00:00,4.0,81.73,0.01,0.06,49.91,0.45,38.9,132.88,0.0
2025-06-01T14:00:00+00:00,4.0,81.43,0.0,0.08,51.19,0.45,37.63,133.8,0.0
2025-06-01T15:00:00+00:00,4.0,81.17,0.0,0.09,52.43,0.45,36.38,133.84,0.0
2025-06-01T16:00:00+00:00,4.0,80.82,0.0,0.08,52.92,0.47,35.23,132.81,0.0
2025-06-01T17:00:00+00:00,4.0,80.4,0.0,0.08,52.9,0.49,34.3,131.27,0.0
2025-06-01T18:00:00+00:00,4.0,79.94,0.0,0.08,52.7,0.51,33.53,130.29,0.0
2025-06-01T19:00:00+00:00,4.0,79.23,0.0,0.09,52.27,0.53,32.87,129.77,0.0
2025-06-01T20:00:00+00:00,4.0,78.65,0.0,0.09,51.65,0.55,32.51,129.69,0.0
2025-06-01T21:00:00+00:00,4.0,78.52,0.0,0.09,51.01,0.57,32.45,129.32,0.0
2025-06-01T22:00:00+00:00,4.0,78.89,0.0,0.09,50.99,0.58,32.83,129.98,0.0
2025-06-01T23:00:00+00:00,4.0,79.59,0.0,0.09,51.56,0.58,33.44,130.97,0.0
2025-06-02T00:00:00+00:00,4.0,80.49,0.0,0.09,52.61,0.57,34.34,132.69,0.0
2025-06-02T01:00:00+00:00,4.0,81.46,0.0,0.09,54.0,0.56,35.45,135.67,0.0
2025-06-02T02:00:00+00:00,4.0,82.45,0.0,0.1,55.41,0.56,36.45,138.45,0.0
2025-06-02T03:00:00+00:00,4.0,83.44,0.0,0.09,57.06,0.55,37.32,140.99,0.0
2025-06-02T04:00:00+00:00,4.0,84.43,0.01,0.08,58.63,0.54,38.15,143.63,0.0
2025-06-02T05:00:00+00:00,4.0,85.31,0.01,0.06,59.8,0.53,39.23,148.08,0.0
2025-06-02T06:00:00+00:00,4.0,86.05,0.01,0.06,60.01,0.52,40.51,154.65,0.0
2025-06-02T07:00:00+00:00,5.555580139160156,86.61,0.01,0.05,59.62,0.5,0.0,0.0,0.0
2025-06-02T08:00:00+00:00,4.0,86.98,0.01,0.05,58.74,0.48,43.13,169.64,0.0
2025-06-02T09:00:00+00:00,4.0,87.18,0.01,0.05,57.96,0.46,44.18,175.24,0.0
2025-06-02T10:00:00+00:00,4.0,87.67,0.01,0.05,57.92,0.45,45.22,180.9,0.0
2025-06-02T11:00:00+00:00,4.0,88.13,0.01,0.05,58.16,0.44,45.83,184.17,0.0
2025-06-02T12:00:00+00:00,4.0,88.51,0.01,0.05,58.71,0.43,45.98,185.18,0.0
2025-06-02T13:00:00+00:00,4.0,89.14,0.0,0.06,59.6,0.43,46.23,187.27,0.0
2025-06-02T14:00:00+00:00,4.0,89.65,0.0,0.08,60.83,0.43,46.56,189.99,0.0
2025-06-02T15:00:00+00:00,4.0,90.33,0.0,0.09,62.0,0.44,46.88,192.28,0.0
2025-06-02T16:00:00+00:00,4.0,90.57,0.0,0.09,62.87,0.44,47.1,195.06,0.0
2025-06-02T17:00:00+00:00,4.0,90.73,0.0,0.09,63.17,0.44,47.26,197.24,0.0
2025-06-02T18:00:00+00:00,4.0,90.61,0.0,0.08,63.3,0.44,47.27,197.84,0.0
2025-06-02T19:00:00+00:00,4.0,90.54,0.0,0.08,63.71,0.43,47.1,198.63,0.0
2025-06-02T20:00:00+00:00,4.0,90.68,0.0,0.08,64.5,0.43,46.83,198.44,0.0
2025-06-02T21:00:00+00:00,4.0,91.03,0.0,0.07,65.73,0.42,46.63,199.88,0.0
2025-06-02T22:00:00+00:00,5.0,91.73,0.0,0.07,67.49,0.41,46.93,205.47,0.0
2025-06-02T23:00:00+00:00,5.0,92.36,0.0,0.07,69.3,0.41,47.49,212.11,0.0
2025-06-03T00:00:00+00:00,5.0,92.93,0.0,0.07,70.95,0.42,48.11,219.44,0.0
2025-06-03T01:00:00+00:00,5.0,93.39,0.0,0.07,72.62,0.43,48.85,227.24,0.0
2025-06-03T02:00:00+00:00,5.0,94.18,0.0,0.08,74.26,0.44,49.7,234.16,0.0
2025-06-03T03:00:00+00:00,5.0,94.95,0.0,0.08,75.7,0.45,50.52,238.85,0.0
2025-06-03T04:00:00+00:00,5.0,95.51,0.01,0.07,76.77,0.46,51.11,240.26,0.0
2025-06-03T05:00:00+00:00,5.0,96.34,0.01,0.06,77.49,0.46,51.63,239.43,0.0
2025-06-03T06:00:00+00:00,5.0,97.01,0.01,0.05,77.24,0.46,51.71,234.44,0.0
2025-06-03T07:00:00+00:00,5.0,97.05,0.01,0.05,76.66,0.45,51.02,224.64,0.0
2025-06-03T08:00:00+00:00,5.0,96.26,0.01,0.05,75.38,0.44,49.56,211.8,0.0
2025-06-03T09:00:00+00:00,5.0,95.11,0.01,0.05,73.92,0.43,48.07,201.28,0.0
2025-06-03T10:00:00+00:00,4.0,94.43,0.01,0.05,72.83,0.43,47.35,195.78,0.0
2025-06-03T11:00:00+00:00,4.0,93.86,0.01,0.05,72.03,0.43,47.42,196.51,0.0
2025-06-03T12:00:00+00:00,5.0,93.7,0.01,0.05,71.5,0.44,48.73,205.71,0.0
2025-06-03T13:00:00+00:00,5.0,94.39,0.0,0.07,71.67,0.46,51.46,224.37,0.0
2025-06-03T14:00:00+00:00,5.0,95.18,0.0,0.08,72.02,0.47,55.04,250.65,0.0
2025-06-03T15:00:00+00:00,5.0,95.94,0.0,0.09,72.25,0.48,58.69,279.94,0.0
2025-06-03T16:00:00+00:00,5.0,95.83,0.0,0.09,71.7,0.49,61.02,304.83,0.0
2025-06-03T17:00:00+00:00,5.0,95.07,0.0,0.09,70.78,0.49,61.49,319.93,0.0
2025-06-03T18:00:00+00:00,5.0,93.62,0.0,0.09,69.63,0.5,60.02,322.47,0.0
2025-06-03T19:00:00+00:00,5.0,91.96,0.0,0.08,68.72,0.51,57.11,313.7,0.0
2025-06-03T20:00:00+00:00,5.0,90.23,0.0,0.08,68.45,0.51,53.56,296.37,0.0
2025-06-03T21:00:00+00:00,5.0,88.1,0.0,0.08,67.32,0.52,49.3,270.27,0.0
2025-06-03T22:00:00+00:00,5.0,85.56,0.0,0.08,65.21,0.52,44.63,239.77,0.0
2025-06-03T23:00:00+00:00,5.0,83.17,0.0,0.08,62.67,0.53,40.13,208.31,0.0
2025-06-04T00:00:00+00:00,4.0,81.9,0.0,0.08,61.14,0.53,37.0,185.05,0.0
2025-06-04T01:00:00+00:00,4.0,82.2,0.0,0.08,62.26,0.52,35.74,173.46,0.0
2025-06-04T02:00:00+00:00,4.0,83.64,0.0,0.09,65.26,0.5,35.79,170.03,0.0
2025-06-04T03:00:00+00:00,4.0,84.44,0.0,0.08,66.83,0.48,35.71,167.55,0.0
2025-06-04T04:00:00+00:00,4.0,84.33,0.01,0.07,66.83,0.47,35.38,166.45,0.0
2025-06-04T05:00:00+00:00,4.0,83.97,0.01,0.06,66.28,0.46,35.26,167.79,0.0
2025-06-04T06:00:00+00:00,4.0,83.56,0.01,0.05,65.31,0.44,34.99,168.48,0.0
2025-06-04T07:00:00+00:00,4.0,83.09,0.01,0.05,64.15,0.42,34.3,166.88,0.0
2025-06-04T08:00:00+00:00,4.0,82.32,0.01,0.04,62.25,0.4,33.1,162.01,0.0
2025-06-04T09:00:00+00:00,4.0,81.17,0.01,0.04,59.62,0.38,31.49,154.41,0.0
2025-06-04T10:00:00+00:00,4.0,80.0,0.01,0.04,56.65,0.37,29.67,145.59,0.0
2025-06-04T11:00:00+00:00,4.0,78.49,0.01,0.04,53.79,0.37,27.66,135.85,0.0
2025-06-04T12:00:00+00:00,4.0,77.27,0.01,0.05,51.65,0.38,25.87,126.94,0.0
2025-06-04T13:00:00+00:00,4.0,76.89,0.0,0.05,50.83,0.39,24.5,120.04,0.0
2025-06-04T14:00:00+00:00,4.0,76.93,0.0,0.06,51.0,0.39,23.5,114.44,0.0
2025-06-04T15:00:00+00:00,4.0,77.23,0.0,0.07,51.73,0.39,22.82,109.88,0.0
2025-06-04T16:00:00+00:00,4.0,77.49,0.0,0.07,52.49,0.39,22.33,106.17,0.0
2025-06-04T17:00:00+00:00,4.0,77.69,0.0,0.07,53.08,0.39,22.08,103.22,0.0
2025-06-04T18:00:00+00:00,4.0,77.67,0.0,0.07,53.32,0.39,21.9,100.53,0.0
2025-06-04T19:00:00+00:00,3.0,77.39,0.0,0.07,53.33,0.39,21.71,97.79,0.0
2025-06-04T20:00:00+00:00,3.0,77.28,0.0,0.07,53.68,0.39,21.63,95.89,0.0
2025-06-04T21:00:00+00:00,3.0,77.43,0.0,0.07,54.39,0.39,21.68,94.77,0.0
2025-06-04T22:00:00+00:00,3.0,77.7,0.0,0.07,55.37,0.39,21.87,94.52,0.0
2025-06-04T23:00:00+00:00,3.0,78.11,0.0,0.07,56.45,0.39,22.13,94.84,0.0
2025-06-05T00:00:00+00:00,3.0,78.28,0.0,0.07,57.03,0.39,22.4,95.52,0.0
2025-06-05T01:00:00+00:00,3.0,78.54,0.0,0.07,57.38,0.38,22.42,95.18,0.0
2025-06-05T02:00:00+00:00,3.0,78.65,0.0,0.08,57.47,0.37,22.14,93.37,0.0
2025-06-05T03:00:00+00:00,3.0,78.55,0.01,0.07,57.08,0.35,21.62,90.28,0.0
2025-06-05T04:00:00+00:00,3.0,78.05,0.01,0.06,55.9,0.33,20.81,86.25,0.0
2025-06-05T05:00:00+00:00,3.0,77.47,0.01,0.05,54.43,0.32,19.87,82.09,0.0
2025-06-05T06:00:00+00:00,3.0,76.91,0.01,0.05,52.97,0.3,18.77,77.92,0.0
2025-06-05T07:00:00+00:00,3.0,76.35,0.01,0.04,51.66,0.28,17.49,73.65,0.0
2025-06-05T08:00:00+00:00,3.0,75.79,0.01,0.04,50.57,0.26,16.13,69.49,0.0
2025-06-05T09:00:00+00:00,3.0,75.38,0.01,0.04,49.6,0.24,14.85,65.56,0.0
2025-06-05T10:00:00+00:00,3.0,75.16,0.01,0.03,48.91,0.23,13.67,61.88,0.0
2025-06-05T11:00:00+00:00,3.0,74.81,0.01,0.03,48.24,0.22,12.63,58.47,0.0
2025-06-05T12:00:00+00:00,3.0,74.61,0.01,0.04,47.87,0.22,11.77,55.46,0.0
2025-06-05T13:00:00+00:00,3.0,74.57,0.0,0.04,47.8,0.22,11.03,52.78,0.0
2025-06-05T14:00:00+00:00,3.0,74.46,0.0,0.05,47.75,0.22,10.41,50.32,0.0
2025-06-05T15:00:00+00:00,2.0,74.4,0.0,0.06,47.67,0.21,9.87,48.1,0.0
2025-06-05T16:00:00+00:00,2.0,74.25,0.0,0.06,47.64,0.21,9.41,46.09,0.0
2025-06-05T17:00:00+00:00,2.0,74.22,0.0,0.06,47.81,0.21,9.03,44.56,0.0
2025-06-05T18:00:00+00:00,2.0,74.36,0.0,0.05,48.14,0.21,8.73,43.37,0.0
2025-06-05T19:00:00+00:00,2.0,74.3,0.0,0.05,48.26,0.21,8.48,42.39,0.0
2025-06-05T20:00:00+00:00,2.0,74.4,0.0,0.05,48.51,0.21,8.34,41.96,0.0
2025-06-05T21:00:00+00:00,2.0,74.52,0.0,0.05,48.85,0.21,8.35,42.12,0.0
2025-06-05T22:00:00+00:00,2.0,74.76,0.0,0.05,49.34,0.22,8.51,43.04,0.0
2025-06-05T23:00:00+00:00,2.0,75.03,0.0,0.05,49.96,0.22,8.84,44.65,0.0
2025-06-06T00:00:00+00:00,2.0,75.39,0.0,0.05,50.8,0.22,9.29,46.97,0.0
2025-06-06T00:00:00+00:00,2.0,75.39,0.0,0.05,50.8,0.22,9.29,46.97,0.0
2025-06-06T01:00:00+00:00,2.0,76.01,0.0,0.05,51.95,0.22,9.84,49.76,0.0
2025-06-06T02:00:00+00:00,3.0,76.75,0.0,0.05,53.45,0.21,10.47,52.99,0.0
2025-06-06T03:00:00+00:00,3.0,77.56,0.0,0.05,55.03,0.21,11.13,56.45,0.0
2025-06-06T04:00:00+00:00,3.0,78.27,0.01,0.04,56.21,0.21,11.7,59.51,0.0
2025-06-06T05:00:00+00:00,3.0,78.8,0.01,0.04,56.74,0.2,12.17,61.97,0.0
2025-06-06T06:00:00+00:00,3.0,79.24,0.0,0.03,56.64,0.2,12.51,63.87,0.0
2025-06-06T07:00:00+00:00,3.0,79.54,0.0,0.03,56.01,0.19,12.71,64.83,0.0
2025-06-06T08:00:00+00:00,3.0,79.8,0.0,0.03,54.9,0.18,12.78,65.15,0.0
2025-06-06T09:00:00+00:00,3.0,79.78,0.0,0.03,53.51,0.17,12.78,65.1,0.0
2025-06-06T10:00:00+00:00,3.0,80.05,0.0,0.03,52.33,0.17,12.8,65.17,0.0
2025-06-06T11:00:00+00:00,3.0,79.98,0.0,0.03,51.27,0.16,12.82,65.43,0.0
2025-06-06T12:00:00+00:00,3.0,80.08,0.0,0.03,50.56,0.16,12.87,65.95,0.0
2025-06-06T13:00:00+00:00,3.0,80.19,0.0,0.04,50.41,0.16,13.0,67.07,0.0
2025-06-06T14:00:00+00:00,3.0,80.27,0.0,0.05,50.35,0.17,13.23,68.73,0.0
2025-06-06T15:00:00+00:00,3.0,80.22,0.0,0.06,50.46,0.17,13.53,71.02,0.0
2025-06-06T16:00:00+00:00,3.0,80.26,0.0,0.06,50.72,0.17,13.88,73.47,0.0
2025-06-06T17:00:00+00:00,3.0,80.36,0.0,0.06,51.34,0.18,14.42,76.96,0.0
2025-06-06T18:00:00+00:00,3.0,80.69,0.0,0.05,52.16,0.18,15.23,81.89,0.0
2025-06-06T19:00:00+00:00,3.0,80.91,0.0,0.05,52.99,0.19,16.3,88.07,0.0
2025-06-06T20:00:00+00:00,3.0,81.27,0.0,0.05,53.86,0.19,17.51,94.68,0.0
2025-06-06T21:00:00+00:00,4.0,81.54,0.0,0.05,54.81,0.19,18.74,101.0,0.0
2025-06-06T22:00:00+00:00,4.0,81.99,0.0,0.05,55.6,0.2,19.89,106.58,0.0
2025-06-06T23:00:00+00:00,4.0,82.18,0.0,0.05,56.24,0.2,20.85,110.97,0.0
2025-06-07T00:00:00+00:00,4.0,82.41,0.0,0.05,56.65,0.2,21.47,113.38,0.0
2025-06-07T01:00:00+00:00,4.0,82.19,0.0,0.05,56.89,0.2,21.69,113.67,0.0
2025-06-07T02:00:00+00:00,4.0,82.25,0.0,0.05,56.95,0.2,21.63,112.64,0.0
2025-06-07T03:00:00+00:00,4.0,81.85,0.0,0.05,56.59,0.2,21.25,110.41,0.0
2025-06-07T04:00:00+00:00,4.0,81.13,0.01,0.04,55.63,0.2,20.58,106.89,0.0
2025-06-07T05:00:00+00:00,4.0,80.41,0.01,0.03,54.44,0.19,19.74,102.64,0.0
2025-06-07T06:00:00+00:00,3.0,79.77,0.01,0.03,52.91,0.19,18.78,97.71,0.0
2025-06-07T07:00:00+00:00,3.0,79.19,0.01,0.03,51.16,0.19,17.76,92.53,0.0
2025-06-07T08:00:00+00:00,3.0,78.57,0.01,0.03,49.4,0.19,16.73,87.25,0.0
2025-06-07T09:00:00+00:00,3.0,78.03,0.01,0.03,47.81,0.19,15.8,82.37,0.0
2025-06-07T10:00:00+00:00,3.0,78.21,0.01,0.03,46.91,0.19,14.92,77.64,0.0
2025-06-07T11:00:00+00:00,3.0,78.21,0.01,0.03,46.52,0.19,14.04,72.65,0.0
2025-06-07T12:00:00+00:00,3.0,78.48,0.01,0.03,46.73,0.19,13.26,67.9,0.0
2025-06-07T13:00:00+00:00,3.0,78.98,0.0,0.04,47.47,0.2,12.61,63.6,0.0
2025-06-07T14:00:00+00:00,3.0,79.3,0.0,0.05,48.23,0.2,11.97,59.5,0.0
2025-06-07T15:00:00+00:00,3.0,79.43,0.0,0.06,48.89,0.2,11.3,55.46,0.0
2025-06-07T16:00:00+00:00,3.0,79.41,0.0,0.06,49.46,0.21,10.59,51.63,0.0
2025-06-07T17:00:00+00:00,2.0,79.36,0.0,0.05,50.05,0.21,9.93,48.29,0.0
2025-06-07T18:00:00+00:00,2.0,79.25,0.0,0.05,50.69,0.21,9.33,45.51,0.0
2025-06-07T19:00:00+00:00,2.0,78.87,0.0,0.05,51.05,0.21,8.82,43.4,0.0
2025-06-07T20:00:00+00:00,2.0,78.57,0.0,0.05,51.54,0.22,8.55,42.56,0.0
2025-06-07T21:00:00+00:00,2.0,78.36,0.0,0.05,52.13,0.22,8.54,42.93,0.0
2025-06-07T22:00:00+00:00,2.0,78.45,0.0,0.05,53.06,0.22,8.82,44.59,0.0
2025-06-07T23:00:00+00:00,2.0,78.68,0.0,0.05,54.08,0.22,9.28,46.93,0.0
2025-06-08T00:00:00+00:00,2.0,79.07,0.0,0.05,55.31,0.21,9.86,49.52,0.0
2025-06-08T01:00:00+00:00,3.0,79.53,0.0,0.04,56.54,0.2,10.45,52.1,0.0
2025-06-08T02:00:00+00:00,3.0,80.04,0.0,0.05,57.5,0.2,11.05,54.67,0.0
2025-06-08T03:00:00+00:00,3.0,80.26,0.0,0.05,58.14,0.2,11.6,57.13,0.0
2025-06-08T04:00:00+00:00,3.0,80.58,0.0,0.04,58.43,0.19,12.01,59.06,0.0
2025-06-08T05:00:00+00:00,3.0,80.64,0.01,0.03,58.29,0.19,12.27,60.16,0.0
2025-06-08T06:00:00+00:00,3.0,80.68,0.0,0.03,57.71,0.19,12.38,60.32,0.0
2025-06-08T07:00:00+00:00,3.0,80.6,0.0,0.03,56.78,0.18,12.34,59.6,0.0
2025-06-08T08:00:00+00:00,3.0,80.47,0.0,0.03,55.55,0.18,12.17,58.14,0.0
2025-06-08T09:00:00+00:00,3.0,80.33,0.0,0.03,54.36,0.18,11.91,56.22,0.0
2025-06-08T10:00:00+00:00,3.0,80.41,0.0,0.03,53.57,0.19,11.59,54.12,0.0
2025-06-08T11:00:00+00:00,3.0,80.39,0.01,0.03,52.9,0.19,11.16,51.57,0.0
2025-06-08T12:00:00+00:00,2.0,80.29,0.01,0.03,52.39,0.19,10.63,48.77,0.0
2025-06-08T13:00:00+00:00,2.0,80.33,0.0,0.04,52.19,0.2,10.07,46.02,0.0
2025-06-08T14:00:00+00:00,2.0,80.32,0.0,0.05,51.97,0.2,9.42,42.99,0.0
2025-06-08T15:00:00+00:00,2.0,80.13,0.0,0.06,51.77,0.21,8.66,39.66,0.0
2025-06-08T16:00:00+00:00,2.0,79.98,0.0,0.06,51.36,0.21,7.86,36.17,0.0
2025-06-08T17:00:00+00:00,2.0,79.78,0.0,0.06,50.95,0.22,7.1,32.82,0.0
2025-06-08T18:00:00+00:00,2.0,79.73,0.0,0.06,50.44,0.22,6.41,29.72,0.0
2025-06-08T19:00:00+00:00,2.0,79.49,0.0,0.05,49.85,0.22,5.82,26.95,0.0
2025-06-08T20:00:00+00:00,2.0,79.35,0.0,0.05,49.43,0.22,5.4,24.91,0.0
2025-06-08T21:00:00+00:00,2.0,79.04,0.0,0.05,48.98,0.21,5.15,23.56,0.0
2025-06-08T22:00:00+00:00,2.0,78.64,0.0,0.05,48.42,0.21,5.02,22.67,0.0
2025-06-08T23:00:00+00:00,2.0,78.2,0.0,0.05,47.75,0.21,4.93,22.0,0.0
2025-06-09T00:00:00+00:00,2.0,77.4,0.0,0.05,46.93,0.21,4.85,21.35,0.0
2025-06-09T01:00:00+00:00,2.0,76.53,0.0,0.05,46.01,0.21,4.77,20.74,0.0
2025-06-09T02:00:00+00:00,2.0,75.72,0.0,0.05,45.13,0.2,4.69,20.15,0.0
2025-06-09T03:00:00+00:00,1.0,74.77,0.01,0.05,44.19,0.2,4.59,19.51,0.0
2025-06-09T04:00:00+00:00,1.0,73.77,0.01,0.04,43.2,0.2,4.47,18.84,0.0
2025-06-09T05:00:00+00:00,1.0,72.84,0.01,0.03,42.08,0.19,4.35,18.16,0.0
2025-06-09T06:00:00+00:00,1.0,72.05,0.01,0.03,40.72,0.19,4.24,17.52,0.0
2025-06-09T07:00:00+00:00,1.0,71.23,0.01,0.03,39.15,0.18,4.15,16.93,0.0
2025-06-09T08:00:00+00:00,1.0,70.55,0.01,0.03,37.6,0.18,4.1,16.55,0.0
2025-06-09T09:00:00+00:00,1.0,69.99,0.01,0.03,36.33,0.17,4.11,16.44,0.0
2025-06-09T10:00:00+00:00,1.0,69.91,0.01,0.03,35.5,0.17,4.17,16.55,0.0
2025-06-09T11:00:00+00:00,1.0,69.89,0.01,0.03,35.0,0.17,4.23,16.64,0.0
2025-06-09T12:00:00+00:00,1.0,70.1,0.01,0.03,34.88,0.18,4.26,16.68,0.0
2025-06-09T13:00:00+00:00,1.0,70.44,0.01,0.04,35.16,0.18,4.25,16.67,0.0
2025-06-09T14:00:00+00:00,1.0,70.75,0.0,0.05,35.53,0.19,4.17,16.47,0.0
2025-06-09T15:00:00+00:00,1.0,71.17,0.0,0.06,35.94,0.19,4.07,16.19,0.0
2025-06-09T16:00:00+00:00,1.0,71.61,0.0,0.06,36.3,0.19,3.98,15.97,0.0
2025-06-09T17:00:00+00:00,1.0,72.13,0.0,0.06,36.86,0.2,3.93,15.92,0.0
2025-06-09T18:00:00+00:00,1.0,72.89,0.0,0.06,37.67,0.2,3.94,16.05,0.0
2025-06-09T19:00:00+00:00,1.0,73.51,0.0,0.06,38.5,0.2,4.0,16.31,0.0
2025-06-09T20:00:00+00:00,1.0,74.11,0.0,0.06,39.4,0.2,4.1,16.76,0.0
2025-06-09T21:00:00+00:00,1.0,74.65,0.0,0.06,40.21,0.2,4.26,17.38,0.0
2025-06-09T22:00:00+00:00,1.0,75.17,0.0,0.06,41.09,0.21,4.49,18.26,0.0
2025-06-09T23:00:00+00:00,1.0,75.89,0.0,0.05,42.24,0.21,4.77,19.22,0.0
2025-06-10T00:00:00+00:00,2.0,76.47,0.0,0.05,43.44,0.2,5.08,20.21,0.01
2025-06-10T01:00:00+00:00,2.0,77.06,0.0,0.05,44.37,0.2,5.38,21.12,0.02
2025-06-10T02:00:00+00:00,2.0,77.18,0.0,0.06,44.81,0.2,5.63,21.83,0.02
2025-06-10T03:00:00+00:00,2.0,77.21,0.01,0.05,44.68,0.2,5.82,22.32,0.01
2025-06-10T04:00:00+00:00,2.0,76.9,0.01,0.04,44.22,0.2,5.97,22.71,0.01
2025-06-10T05:00:00+00:00,2.0,76.62,0.01,0.04,43.5,0.2,6.12,23.17,0.0
2025-06-10T06:00:00+00:00,2.0,76.34,0.01,0.03,42.61,0.2,6.28,23.77,0.0
2025-06-10T07:00:00+00:00,2.0,76.19,0.01,0.03,41.71,0.2,6.47,24.45,0.0
2025-06-10T08:00:00+00:00,2.0,76.22,0.01,0.03,40.99,0.2,6.67,25.24,0.0
2025-06-10T09:00:00+00:00,2.0,76.26,0.01,0.03,40.59,0.2,6.9,26.23,0.0
2025-06-10T10:00:00+00:00,2.0,76.76,0.01,0.03,40.43,0.2,7.25,27.77,0.0
2025-06-10T11:00:00+00:00,2.0,77.05,0.01,0.03,40.47,0.2,7.74,29.92,0.0
2025-06-10T12:00:00+00:00,2.0,77.42,0.01,0.03,40.77,0.21,8.38,32.72,0.0
2025-06-10T13:00:00+00:00,2.0,77.99,0.01,0.04,41.51,0.21,9.19,36.07,0.0
2025-06-10T14:00:00+00:00,2.0,78.34,0.0,0.05,42.21,0.22,10.04,39.49,0.0
2025-06-10T15:00:00+00:00,2.0,78.71,0.0,0.06,42.85,0.23,10.82,42.56,0.0
2025-06-10T16:00:00+00:00,2.0,78.66,0.0,0.06,43.21,0.23,11.37,44.64,0.0
2025-06-10T17:00:00+00:00,2.0,78.66,0.0,0.06,43.55,0.24,11.76,46.21,0.0
2025-06-10T18:00:00+00:00,2.0,78.72,0.0,0.06,43.85,0.24,12.05,47.55,0.0
2025-06-10T19:00:00+00:00,2.0,78.47,0.0,0.06,44.13,0.24,12.2,48.36,0.0
2025-06-10T20:00:00+00:00,2.0,78.31,0.0,0.06,44.55,0.25,12.27,48.84,0.0
2025-06-10T21:00:00+00:00,2.0,77.96,0.0,0.06,44.93,0.25,12.29,49.07,0.0
2025-06-10T22:00:00+00:00,2.0,77.78,0.0,0.05,45.53,0.25,12.25,49.0,0.0
2025-06-10T23:00:00+00:00,2.0,77.72,0.0,0.05,46.22,0.25,12.11,48.38,0.0
2025-06-11T00:00:00+00:00,2.0,77.89,0.0,0.05,47.04,0.25,11.9,47.46,0.0
2025-06-11T00:00:00+00:00,2.0,77.89,0.0,0.05,47.04,0.25,11.9,47.46,0.0
2025-06-11T01:00:00+00:00,2.0,77.99,0.0,0.05,47.9,0.24,11.69,46.47,0.0
2025-06-11T02:00:00+00:00,2.0,78.19,0.0,0.06,48.71,0.24,11.47,45.53,0.0
2025-06-11T03:00:00+00:00,2.0,78.38,0.0,0.06,49.33,0.24,11.25,44.57,0.0
2025-06-11T04:00:00+00:00,2.0,78.53,0.01,0.05,49.73,0.24,11.03,43.48,0.0
2025-06-11T05:00:00+00:00,2.0,78.77,0.01,0.04,49.93,0.24,10.86,42.43,0.0
2025-06-11T06:00:00+00:00,2.0,79.16,0.01,0.04,49.54,0.24,10.71,41.44,0.0
2025-06-11T07:00:00+00:00,2.0,79.44,0.01,0.03,48.74,0.24,10.56,40.4,0.0
2025-06-11T08:00:00+00:00,2.0,79.52,0.01,0.03,47.45,0.24,10.43,39.41,0.0
2025-06-11T09:00:00+00:00,2.0,79.44,0.01,0.03,45.96,0.24,10.31,38.53,0.0
2025-06-11T10:00:00+00:00,2.0,79.3,0.01,0.03,44.59,0.25,10.22,37.73,0.0
2025-06-11T11:00:00+00:00,2.0,78.91,0.01,0.03,43.07,0.26,10.05,36.94,0.0
2025-06-11T12:00:00+00:00,2.0,78.44,0.01,0.04,42.03,0.27,9.89,36.4,0.0
2025-06-11T13:00:00+00:00,2.0,78.17,0.01,0.04,41.62,0.28,9.78,36.23,0.0
2025-06-11T14:00:00+00:00,2.0,77.82,0.0,0.06,41.5,0.29,9.65,36.04,0.0
2025-06-11T15:00:00+00:00,2.0,77.33,0.0,0.06,41.49,0.29,9.48,35.82,0.0
2025-06-11T16:00:00+00:00,2.0,76.87,0.0,0.06,41.36,0.3,9.28,35.58,0.0
2025-06-11T17:00:00+00:00,2.0,76.34,0.0,0.06,41.21,0.31,9.13,35.6,0.0
2025-06-11T18:00:00+00:00,2.0,75.77,0.0,0.06,40.99,0.31,9.01,35.76,0.0
2025-06-11T19:00:00+00:00,2.0,75.15,0.0,0.06,40.95,0.32,8.91,35.83,0.0
2025-06-11T20:00:00+00:00,2.0,74.87,0.0,0.06,41.12,0.32,8.88,35.97,0.0
2025-06-11T21:00:00+00:00,2.0,74.66,0.0,0.06,41.11,0.32,8.9,36.17,0.0
2025-06-11T22:00:00+00:00,2.0,74.64,0.0,0.06,41.14,0.32,8.97,36.41,0.0
2025-06-11T23:00:00+00:00,2.0,74.52,0.0,0.06,41.07,0.32,9.12,36.81,0.0
2025-06-12T00:00:00+00:00,2.0,74.4,0.0,0.06,40.94,0.32,9.33,37.52,0.0
2025-06-12T01:00:00+00:00,2.0,74.47,0.0,0.06,40.96,0.33,9.65,38.63,0.0
2025-06-12T02:00:00+00:00,2.0,74.74,0.0,0.07,40.95,0.33,9.95,39.71,0.0
2025-06-12T03:00:00+00:00,2.0,75.19,0.0,0.07,40.9,0.34,10.2,40.48,0.0
2025-06-12T04:00:00+00:00,2.0,75.29,0.01,0.06,40.86,0.34,10.32,40.79,0.0
2025-06-12T05:00:00+00:00,2.0,75.73,0.01,0.05,40.97,0.33,10.33,40.68,0.01
2025-06-12T06:00:00+00:00,2.0,75.97,0.01,0.05,41.13,0.32,10.25,40.19,0.01
2025-06-12T07:00:00+00:00,2.0,76.27,0.01,0.04,41.09,0.31,10.11,39.73,0.01
2025-06-12T08:00:00+00:00,2.0,76.05,0.01,0.04,40.0,0.31,9.91,39.4,0.01
2025-06-12T09:00:00+00:00,2.0,75.38,0.01,0.04,38.15,0.32,9.61,39.0,0.0
2025-06-12T10:00:00+00:00,2.0,74.72,0.01,0.04,36.57,0.33,9.29,38.76,0.0
2025-06-12T11:00:00+00:00,2.0,74.0,0.01,0.04,35.52,0.34,8.96,38.28,0.0
2025-06-12T12:00:00+00:00,2.0,73.68,0.01,0.04,35.44,0.34,8.68,37.74,0.0
2025-06-12T13:00:00+00:00,2.0,74.05,0.01,0.04,36.43,0.34,8.55,37.48,0.0
2025-06-12T14:00:00+00:00,2.0,74.51,0.0,0.06,37.71,0.35,8.54,37.54,0.0
2025-06-12T15:00:00+00:00,2.0,74.56,0.0,0.06,38.65,0.35,8.55,37.69,0.0
2025-06-12T16:00:00+00:00,2.0,74.05,0.0,0.07,38.61,0.37,8.58,38.06,0.0
2025-06-12T17:00:00+00:00,2.0,73.12,0.0,0.07,38.05,0.38,8.72,38.93,0.0
2025-06-12T18:00:00+00:00,2.0,72.24,0.0,0.08,37.18,0.4,8.99,40.33,0.0
2025-06-12T19:00:00+00:00,2.0,71.47,0.0,0.08,36.51,0.41,9.29,41.85,0.0
2025-06-12T20:00:00+00:00,2.0,71.18,0.0,0.08,36.42,0.41,9.63,43.41,0.0
2025-06-12T21:00:00+00:00,2.0,71.34,0.0,0.08,36.95,0.41,9.97,45.09,0.0
2025-06-12T22:00:00+00:00,2.0,72.11,0.0,0.08,38.09,0.41,10.37,47.02,0.0
2025-06-12T23:00:00+00:00,2.0,72.9,0.0,0.08,39.44,0.41,10.8,49.01,0.0
2025-06-13T00:00:00+00:00,3.0,73.64,0.0,0.08,40.58,0.41,11.28,51.02,0.0
2025-06-13T01:00:00+00:00,3.0,74.28,0.0,0.08,41.22,0.42,11.77,52.96,0.0
2025-06-13T02:00:00+00:00,3.0,74.81,0.0,0.09,41.52,0.43,12.19,54.66,0.0
2025-06-13T03:00:00+00:00,3.0,75.35,0.01,0.09,41.87,0.44,12.56,56.26,0.0
2025-06-13T04:00:00+00:00,3.0,75.61,0.01,0.08,42.61,0.44,12.94,57.92,0.0
2025-06-13T05:00:00+00:00,3.0,76.02,0.01,0.07,43.44,0.45,13.47,60.14,0.0
2025-06-13T06:00:00+00:00,3.0,76.28,0.01,0.06,43.8,0.46,14.12,62.73,0.0
2025-06-13T07:00:00+00:00,3.0,76.44,0.01,0.05,43.42,0.46,14.72,65.02,0.0
2025-06-13T08:00:00+00:00,3.0,76.2,0.01,0.05,42.34,0.45,15.08,66.29,0.0
2025-06-13T09:00:00+00:00,3.0,75.84,0.01,0.05,41.24,0.44,15.28,66.96,0.0
2025-06-13T10:00:00+00:00,3.0,75.64,0.01,0.05,40.5,0.44,15.43,67.65,0.0
2025-06-13T11:00:00+00:00,3.0,75.16,0.01,0.05,40.0,0.44,15.43,67.82,0.0
2025-06-13T12:00:00+00:00,3.0,74.68,0.01,0.06,39.89,0.44,15.29,67.55,0.0
2025-06-13T13:00:00+00:00,3.0,74.52,0.01,0.07,40.09,0.45,15.16,67.59,0.0
2025-06-13T14:00:00+00:00,3.0,74.37,0.0,0.08,40.34,0.47,15.1,68.18,0.0
2025-06-13T15:00:00+00:00,3.0,74.48,0.0,0.09,40.76,0.48,15.2,69.7,0.0
2025-06-13T16:00:00+00:00,3.0,74.57,0.0,0.09,41.13,0.49,15.46,71.57,0.0
2025-06-13T17:00:00+00:00,3.0,74.82,0.0,0.09,41.37,0.5,15.91,73.45,0.0
2025-06-13T18:00:00+00:00,3.0,75.06,0.0,0.1,41.4,0.51,16.59,75.35,0.0
2025-06-13T19:00:00+00:00,3.0,75.11,0.0,0.1,41.4,0.51,17.28,77.06,0.0
2025-06-13T20:00:00+00:00,3.0,75.5,0.0,0.1,41.95,0.51,18.05,79.1,0.0
2025-06-13T21:00:00+00:00,3.0,76.4,0.0,0.1,43.3,0.51,18.74,81.34,0.0
2025-06-13T22:00:00+00:00,3.0,77.62,0.0,0.11,44.89,0.51,19.34,83.55,0.0
2025-06-13T23:00:00+00:00,3.0,78.21,0.0,0.11,45.31,0.52,19.83,84.76,0.0
2025-06-14T00:00:00+00:00,3.0,78.12,0.0,0.12,44.77,0.54,20.29,85.7,0.0
2025-06-14T01:00:00+00:00,3.0,78.09,0.0,0.12,44.92,0.56,20.85,87.55,0.0
2025-06-14T02:00:00+00:00,3.0,78.23,0.0,0.13,45.86,0.57,21.34,89.82,0.0
2025-06-14T03:00:00+00:00,3.0,78.46,0.01,0.12,47.17,0.57,21.77,92.16,0.0
2025-06-14T04:00:00+00:00,3.0,78.4,0.02,0.11,48.26,0.55,22.02,94.11,0.0
2025-06-14T05:00:00+00:00,3.0,78.35,0.02,0.09,48.83,0.54,22.14,95.28,0.0
2025-06-14T06:00:00+00:00,3.0,78.12,0.01,0.08,48.77,0.51,22.18,96.3,0.0
2025-06-14T07:00:00+00:00,3.0,77.81,0.01,0.07,48.33,0.49,22.17,97.34,0.0
2025-06-14T08:00:00+00:00,3.0,77.33,0.01,0.06,47.35,0.48,22.08,97.83,0.0
2025-06-14T09:00:00+00:00,3.0,76.92,0.01,0.06,46.33,0.47,22.15,99.15,0.0
2025-06-14T10:00:00+00:00,4.0,76.87,0.01,0.06,45.9,0.46,22.7,103.03,0.0
2025-06-14T11:00:00+00:00,4.0,76.75,0.01,0.06,46.0,0.46,23.36,107.59,0.0
2025-06-14T12:00:00+00:00,4.0,76.54,0.01,0.07,46.39,0.46,23.81,110.73,0.0
2025-06-14T13:00:00+00:00,4.0,76.77,0.01,0.08,46.96,0.47,23.98,111.85,0.0
2025-06-14T14:00:00+00:00,4.0,76.94,0.0,0.1,47.28,0.48,23.69,110.3,0.0
2025-06-14T15:00:00+00:00,4.0,77.19,0.0,0.11,47.17,0.49,23.08,106.85,0.0
2025-06-14T16:00:00+00:00,4.0,77.11,0.0,0.11,46.6,0.49,22.36,102.91,0.0
2025-06-14T17:00:00+00:00,3.0,77.01,0.0,0.11,45.88,0.49,21.74,99.06,0.0
2025-06-14T18:00:00+00:00,3.0,76.73,0.0,0.11,45.07,0.5,21.17,95.3,0.0
2025-06-14T19:00:00+00:00,3.0,76.01,0.0,0.11,44.29,0.49,20.66,92.16,0.0
2025-06-14T20:00:00+00:00,3.0,75.64,0.0,0.11,44.0,0.5,20.48,91.06,0.0
2025-06-14T21:00:00+00:00,3.0,75.63,0.0,0.11,44.29,0.52,20.62,91.46,0.0
2025-06-14T22:00:00+00:00,3.0,75.99,0.0,0.12,45.35,0.54,20.98,93.07,0.0
2025-06-14T23:00:00+00:00,3.0,76.44,0.0,0.12,46.97,0.57,21.43,95.23,0.0
2025-06-15T00:00:00+00:00,3.0,77.03,0.0,0.12,48.43,0.59,22.0,97.84,0.0
2025-06-15T01:00:00+00:00,4.0,77.42,0.0,0.12,49.26,0.62,22.6,100.19,0.0
2025-06-15T02:00:00+00:00,4.0,77.51,0.0,0.13,49.38,0.63,23.05,101.78,0.0
2025-06-15T03:00:00+00:00,4.0,77.54,0.01,0.13,49.35,0.63,23.4,103.21,0.0
2025-06-15T04:00:00+00:00,4.0,77.42,0.01,0.11,49.15,0.62,23.62,104.18,0.0
2025-06-15T05:00:00+00:00,4.0,77.41,0.02,0.1,48.76,0.6,23.85,104.8,0.0
2025-06-15T06:00:00+00:00,4.0,77.2,0.01,0.08,48.33,0.58,24.0,105.04,0.0
2025-06-15T07:00:00+00:00,4.0,77.11,0.01,0.07,47.96,0.56,24.21,105.42,0.0
2025-06-15T08:00:00+00:00,4.0,76.96,0.01,0.07,47.05,0.53,24.32,105.2,0.0
2025-06-15T09:00:00+00:00,4.0,76.83,0.01,0.07,45.92,0.51,24.44,104.79,0.0
2025-06-15T10:00:00+00:00,4.0,77.1,0.01,0.06,45.86,0.49,24.84,105.38,0.0
2025-06-15T11:00:00+00:00,4.0,77.41,0.01,0.07,45.87,0.48,25.32,105.66,0.0
2025-06-15T12:00:00+00:00,4.0,77.77,0.01,0.07,46.05,0.47,25.77,105.7,0.0
2025-06-15T13:00:00+00:00,4.0,78.26,0.01,0.09,46.55,0.47,26.28,106.05,0.0
2025-06-15T14:00:00+00:00,4.0,78.46,0.0,0.11,46.94,0.47,26.6,106.11,0.0
2025-06-15T15:00:00+00:00,4.0,78.61,0.0,0.12,47.37,0.46,26.81,106.53,0.0
2025-06-15T16:00:00+00:00,4.0,78.55,0.0,0.11,47.77,0.44,26.76,107.08,0.0
2025-06-15T17:00:00+00:00,4.0,78.67,0.0,0.11,48.33,0.43,26.61,107.75,0.0
2025-06-15T18:00:00+00:00,4.0,78.78,0.0,0.1,48.9,0.42,26.45,108.58,0.0
2025-06-15T19:00:00+00:00,4.0,78.93,0.0,0.1,49.97,0.4,26.1,110.4,0.0
2025-06-15T20:00:00+00:00,4.0,79.51,0.0,0.09,51.93,0.4,25.99,113.59,0.0
2025-06-15T21:00:00+00:00,4.0,80.23,0.0,0.09,54.3,0.39,26.21,118.11,0.0
2025-06-15T22:00:00+00:00,4.0,81.1,0.0,0.08,56.52,0.38,26.71,122.63,0.0
2025-06-15T23:00:00+00:00,4.0,81.51,0.0,0.08,57.66,0.38,27.03,124.22,0.0
2025-06-16T00:00:00+00:00,4.0,81.49,0.0,0.08,57.98,0.38,27.03,123.09,0.0
2025-06-16T00:00:00+00:00,4.0,81.49,0.0,0.08,57.98,0.38,27.03,123.09,0.0
2025-06-16T01:00:00+00:00,4.0,81.18,0.0,0.08,57.53,0.37,27.03,120.68,0.0
2025-06-16T02:00:00+00:00,4.0,81.11,0.0,0.09,56.58,0.35,27.26,118.7,0.0
2025-06-16T03:00:00+00:00,4.0,81.3,0.0,0.1,55.54,0.34,27.71,118.78,0.0
2025-06-16T04:00:00+00:00,4.0,81.52,0.01,0.1,54.74,0.33,28.21,120.45,0.0
2025-06-16T05:00:00+00:00,4.0,81.94,0.01,0.1,54.2,0.31,28.68,122.5,0.0
2025-06-16T06:00:00+00:00,4.0,82.38,0.01,0.09,53.87,0.29,29.07,124.56,0.0
2025-06-16T07:00:00+00:00,4.0,82.52,0.01,0.08,53.38,0.27,29.42,126.72,0.0
2025-06-16T08:00:00+00:00,4.0,82.18,0.01,0.07,52.4,0.25,29.67,128.88,0.0
2025-06-16T09:00:00+00:00,4.0,82.06,0.01,0.06,51.83,0.23,29.92,131.94,0.0
2025-06-16T10:00:00+00:00,4.0,82.37,0.0,0.05,52.57,0.22,30.43,137.89,0.0
2025-06-16T11:00:00+00:00,4.0,82.96,0.0,0.05,52.97,0.22,31.21,142.66,0.0
2025-06-16T12:00:00+00:00,4.0,83.46,0.0,0.06,53.71,0.22,32.21,148.55,0.0
2025-06-16T13:00:00+00:00,4.0,84.03,0.0,0.07,54.44,0.23,33.51,155.15,0.0
2025-06-16T14:00:00+00:00,4.0,84.14,0.0,0.08,54.21,0.24,34.91,161.67,0.0
2025-06-16T15:00:00+00:00,4.0,83.74,0.0,0.08,53.74,0.26,36.09,167.27,0.0
2025-06-16T16:00:00+00:00,4.0,83.29,0.0,0.08,53.42,0.27,36.84,171.21,0.0
2025-06-16T17:00:00+00:00,4.0,82.92,0.0,0.08,53.36,0.28,37.41,174.73,0.0
2025-06-16T18:00:00+00:00,4.0,82.77,0.0,0.08,53.86,0.3,37.74,177.51,0.0
2025-06-16T19:00:00+00:00,4.0,82.71,0.0,0.08,54.74,0.31,37.55,177.43,0.0
2025-06-16T20:00:00+00:00,4.0,83.04,0.0,0.07,55.64,0.33,37.14,175.04,0.0
2025-06-16T21:00:00+00:00,4.0,83.19,0.0,0.07,55.85,0.35,36.75,171.73,0.0
2025-06-16T22:00:00+00:00,4.0,83.06,0.0,0.07,55.14,0.37,36.43,168.76,0.0
2025-06-16T23:00:00+00:00,4.0,82.68,0.0,0.08,53.68,0.38,36.2,165.58,0.0
2025-06-17T00:00:00+00:00,4.0,81.95,0.0,0.08,52.22,0.39,36.04,162.33,0.0
2025-06-17T01:00:00+00:00,4.0,81.63,0.0,0.08,51.29,0.4,36.0,159.2,0.0
2025-06-17T02:00:00+00:00,4.0,81.45,0.0,0.08,51.07,0.4,36.04,156.74,0.0
2025-06-17T03:00:00+00:00,4.0,81.87,0.0,0.09,51.65,0.4,36.14,154.91,0.0
2025-06-17T04:00:00+00:00,4.0,82.45,0.0,0.08,52.54,0.39,36.29,153.73,0.0
2025-06-17T05:00:00+00:00,4.0,83.08,0.0,0.07,53.32,0.38,36.54,152.73,0.0
2025-06-17T06:00:00+00:00,4.0,83.57,0.01,0.06,53.22,0.37,36.81,151.42,0.0
2025-06-17T07:00:00+00:00,4.0,83.61,0.01,0.05,51.98,0.36,37.0,150.07,0.0
2025-06-17T08:00:00+00:00,4.0,83.41,0.01,0.05,50.1,0.35,37.1,149.07,0.0
2025-06-17T09:00:00+00:00,4.0,83.17,0.01,0.05,48.1,0.34,37.16,148.47,0.0
2025-06-17T10:00:00+00:00,4.0,83.05,0.01,0.05,46.49,0.33,37.19,148.43,0.0
2025-06-17T11:00:00+00:00,4.0,82.9,0.01,0.05,45.52,0.33,37.07,148.52,0.0
2025-06-17T12:00:00+00:00,4.0,82.87,0.0,0.05,45.35,0.34,36.66,148.55,0.0
2025-06-17T13:00:00+00:00,4.0,83.16,0.0,0.06,45.78,0.35,36.08,149.44,0.0
2025-06-17T14:00:00+00:00,4.0,83.15,0.0,0.07,46.27,0.36,35.27,150.25,0.0
2025-06-17T15:00:00+00:00,4.0,82.84,0.0,0.08,46.71,0.38,34.43,150.36,0.0
2025-06-17T16:00:00+00:00,4.0,82.56,0.0,0.08,47.33,0.39,33.62,149.4,0.0
2025-06-17T17:00:00+00:00,4.0,82.48,0.0,0.08,48.06,0.41,33.04,147.83,0.0
2025-06-17T18:00:00+00:00,4.0,82.16,0.0,0.08,48.6,0.43,32.74,146.21,0.0
2025-06-17T19:00:00+00:00,4.0,81.77,0.0,0.08,49.4,0.45,32.73,145.18,0.0
2025-06-17T20:00:00+00:00,4.0,81.97,0.0,0.08,50.7,0.46,33.17,145.38,0.0
2025-06-17T21:00:00+00:00,4.0,82.2,0.0,0.08,51.98,0.47,33.96,146.17,0.0
2025-06-17T22:00:00+00:00,4.0,82.34,0.0,0.08,52.3,0.48,34.87,147.09,0.0
2025-06-17T23:00:00+00:00,4.0,82.09,0.0,0.08,51.59,0.49,35.62,147.16,0.0
2025-06-18T00:00:00+00:00,4.0,81.55,0.0,0.08,50.77,0.5,36.05,146.73,0.0
2025-06-18T01:00:00+00:00,4.0,81.37,0.0,0.08,50.71,0.49,36.09,145.69,0.0
2025-06-18T02:00:00+00:00,4.0,81.61,0.0,0.09,51.99,0.48,35.67,143.72,0.0
2025-06-18T03:00:00+00:00,4.0,81.85,0.0,0.09,53.58,0.46,34.89,140.71,0.0
2025-06-18T04:00:00+00:00,4.0,81.6,0.0,0.08,54.58,0.45,33.55,135.79,0.0
2025-06-18T05:00:00+00:00,4.0,81.2,0.01,0.07,55.01,0.44,32.03,130.51,0.0
2025-06-18T06:00:00+00:00,4.0,80.66,0.01,0.06,54.57,0.42,30.27,125.5,0.0
2025-06-18T07:00:00+00:00,4.0,79.56,0.01,0.05,52.84,0.42,28.88,123.12,0.0
2025-06-18T08:00:00+00:00,4.0,78.12,0.01,0.05,50.09,0.42,28.0,123.24,0.0
2025-06-18T09:00:00+00:00,4.0,76.99,0.01,0.05,47.83,0.43,27.32,123.09,0.0
2025-06-18T10:00:00+00:00,4.0,77.5,0.01,0.05,47.84,0.43,26.19,119.28,0.0
2025-06-18T11:00:00+00:00,4.0,79.36,0.01,0.04,50.42,0.41,24.36,110.87,0.0
2025-06-18T12:00:00+00:00,3.0,81.56,0.01,0.05,53.88,0.4,22.03,99.71,0.0
2025-06-18T13:00:00+00:00,3.0,82.62,0.0,0.05,55.55,0.39,19.98,90.31,0.0
2025-06-18T14:00:00+00:00,3.0,81.82,0.0,0.07,54.19,0.39,18.7,84.68,0.0
2025-06-18T15:00:00+00:00,3.0,80.28,0.0,0.08,51.29,0.41,18.21,82.6,0.0
2025-06-18T16:00:00+00:00,3.0,79.59,0.0,0.08,49.49,0.42,17.98,81.17,0.0
2025-06-18T17:00:00+00:00,3.0,79.94,0.0,0.08,49.69,0.42,18.0,80.53,0.0
2025-06-18T18:00:00+00:00,3.0,80.25,0.0,0.08,50.39,0.44,18.78,83.17,0.0
2025-06-18T19:00:00+00:00,3.0,79.77,0.0,0.08,49.98,0.46,20.41,89.62,0.0
2025-06-18T20:00:00+00:00,3.0,78.78,0.0,0.09,48.9,0.46,21.9,95.81,0.0
2025-06-18T21:00:00+00:00,3.0,78.25,0.0,0.09,48.55,0.46,22.5,98.45,0.0
2025-06-18T22:00:00+00:00,3.0,78.32,0.0,0.08,49.16,0.45,22.29,97.9,0.0
2025-06-18T23:00:00+00:00,3.0,78.3,0.0,0.08,49.85,0.45,21.82,96.6,0.0
2025-06-19T00:00:00+00:00,3.0,77.64,0.0,0.08,49.67,0.45,21.5,96.3,0.0
2025-06-19T01:00:00+00:00,3.0,76.91,0.0,0.08,49.37,0.46,21.16,95.83,0.0
2025-06-19T02:00:00+00:00,3.0,76.83,0.0,0.08,49.96,0.46,20.52,93.54,0.0
2025-06-19T03:00:00+00:00,3.0,77.35,0.0,0.08,51.53,0.45,19.75,89.47,0.0
2025-06-19T04:00:00+00:00,3.0,77.84,0.01,0.07,52.97,0.44,19.23,86.23,0.0
2025-06-19T05:00:00+00:00,3.0,78.04,0.01,0.06,53.56,0.44,19.17,85.16,0.0
2025-06-19T06:00:00+00:00,3.0,77.7,0.01,0.05,52.83,0.44,19.46,86.23,0.0
2025-06-19T07:00:00+00:00,3.0,77.25,0.01,0.05,51.51,0.45,19.88,89.12,0.0
2025-06-19T08:00:00+00:00,3.0,76.65,0.01,0.05,49.98,0.45,20.11,91.51,0.0
2025-06-19T09:00:00+00:00,3.0,76.15,0.01,0.04,48.45,0.45,20.14,92.23,0.0
2025-06-19T10:00:00+00:00,3.0,76.11,0.01,0.04,47.51,0.46,20.07,91.7,0.0
2025-06-19T11:00:00+00:00,3.0,76.57,0.01,0.05,47.39,0.46,19.82,89.88,0.0
2025-06-19T12:00:00+00:00,3.0,77.21,0.01,0.05,48.04,0.45,19.53,87.34,0.0
2025-06-19T13:00:00+00:00,3.0,78.09,0.0,0.06,48.94,0.45,19.19,84.58,0.0
2025-06-19T14:00:00+00:00,3.0,78.69,0.0,0.07,49.29,0.46,19.07,83.14,0.0
2025-06-19T15:00:00+00:00,3.0,79.15,0.0,0.08,49.44,0.47,19.41,83.71,0.0
2025-06-19T16:00:00+00:00,3.0,79.99,0.0,0.09,50.16,0.48,20.13,85.38,0.0
2025-06-19T17:00:00+00:00,3.0,81.3,0.0,0.09,51.81,0.47,21.04,86.88,0.0
2025-06-19T18:00:00+00:00,3.0,81.9,0.0,0.09,52.82,0.47,22.34,89.8,0.0
2025-06-19T19:00:00+00:00,3.0,81.03,0.0,0.09,51.83,0.48,24.05,95.45,0.0
2025-06-19T20:00:00+00:00,4.0,79.09,0.0,0.1,49.86,0.49,25.78,102.99,0.0
2025-06-19T21:00:00+00:00,4.0,77.53,0.0,0.1,48.61,0.5,26.76,108.76,0.0
2025-06-19T22:00:00+00:00,4.0,77.01,0.0,0.1,48.97,0.5,26.93,111.33,0.0
2025-06-19T23:00:00+00:00,4.0,77.02,0.0,0.09,50.16,0.49,26.81,112.56,0.0
2025-06-20T00:00:00+00:00,4.0,76.97,0.0,0.09,50.94,0.5,27.0,115.22,0.0
2025-06-20T01:00:00+00:00,4.0,76.43,0.0,0.09,50.63,0.51,27.57,118.41,0.0
2025-06-20T02:00:00+00:00,4.0,75.88,0.0,0.09,49.9,0.52,28.12,121.64,0.0
2025-06-20T03:00:00+00:00,4.0,75.93,0.0,0.08,49.67,0.52,28.3,123.05,0.0
2025-06-20T04:00:00+00:00,4.0,76.49,0.01,0.08,50.53,0.51,27.91,121.98,0.0
2025-06-20T05:00:00+00:00,4.0,77.53,0.01,0.07,52.05,0.49,27.5,120.06,0.0
2025-06-20T06:00:00+00:00,4.0,78.54,0.01,0.06,52.98,0.48,27.3,119.29,0.0
2025-06-20T07:00:00+00:00,4.0,78.99,0.01,0.05,52.77,0.48,27.42,120.81,0.0
2025-06-20T08:00:00+00:00,4.0,79.19,0.01,0.05,51.85,0.48,27.64,123.09,0.0
2025-06-20T09:00:00+00:00,4.0,79.64,0.01,0.04,51.33,0.47,27.43,123.06,0.0
2025-06-20T10:00:00+00:00,4.0,80.86,0.01,0.04,51.94,0.46,26.64,119.27,0.0
2025-06-20T11:00:00+00:00,4.0,82.31,0.01,0.04,53.35,0.45,25.51,113.06,0.0
2025-06-20T12:00:00+00:00,4.0,83.52,0.01,0.04,54.55,0.44,24.85,108.6,0.0
2025-06-20T13:00:00+00:00,4.0,83.78,0.0,0.05,54.77,0.45,25.09,108.38,0.0
2025-06-20T14:00:00+00:00,4.0,83.25,0.0,0.07,54.15,0.46,25.81,110.64,0.0
2025-06-20T15:00:00+00:00,4.0,83.03,0.0,0.08,54.1,0.48,26.22,112.01,0.0
2025-06-20T16:00:00+00:00,4.0,83.59,0.0,0.08,55.16,0.48,26.08,110.87,0.0
2025-06-20T17:00:00+00:00,4.0,84.59,0.0,0.08,56.62,0.49,26.15,110.33,0.0
2025-06-20T18:00:00+00:00,4.0,84.67,0.0,0.08,57.07,0.49,26.9,112.44,0.0
2025-06-20T19:00:00+00:00,4.0,83.37,0.0,0.08,55.95,0.5,27.95,116.55,0.0
2025-06-20T20:00:00+00:00,4.0,81.46,0.0,0.09,54.26,0.51,28.88,121.23,0.0
2025-06-20T21:00:00+00:00,4.0,79.73,0.0,0.09,52.92,0.52,29.43,125.36,0.0
2025-06-20T22:00:00+00:00,4.0,78.7,0.0,0.09,52.48,0.52,29.66,128.5,0.0
2025-06-20T23:00:00+00:00,4.0,78.28,0.0,0.09,52.53,0.52,29.69,130.68,0.0
2025-06-21T00:00:00+00:00,4.0,77.92,0.0,0.09,52.48,0.52,29.25,130.81,0.0
2025-06-21T00:00:00+00:00,4.0,77.92,0.0,0.09,52.48,0.52,29.25,130.81,0.0
2025-06-21T01:00:00+00:00,4.0,77.36,0.0,0.09,52.19,0.52,28.8,130.79,0.0
2025-06-21T02:00:00+00:00,4.0,76.9,0.0,0.09,51.94,0.52,28.03,129.13,0.0
2025-06-21T03:00:00+00:00,4.0,76.6,0.0,0.09,51.99,0.52,26.63,124.51,0.0
2025-06-21T04:00:00+00:00,4.0,76.22,0.0,0.09,52.02,0.51,25.15,118.79,0.0
2025-06-21T05:00:00+00:00,4.0,75.74,0.0,0.09,51.57,0.51,24.16,115.02,0.0
2025-06-21T06:00:00+00:00,4.0,75.0,0.01,0.08,50.43,0.52,23.69,113.63,0.0
2025-06-21T07:00:00+00:00,4.0,74.22,0.01,0.07,49.28,0.53,23.49,113.25,0.0
2025-06-21T08:00:00+00:00,4.0,74.04,0.01,0.07,49.0,0.52,23.83,115.03,0.0
2025-06-21T09:00:00+00:00,4.0,74.67,0.01,0.07,49.66,0.52,23.67,113.86,0.0
2025-06-21T10:00:00+00:00,4.0,75.85,0.01,0.06,50.71,0.51,23.27,111.4,0.0
2025-06-21T11:00:00+00:00,4.0,76.53,0.01,0.07,51.35,0.5,23.16,110.11,0.0
2025-06-21T12:00:00+00:00,4.0,76.73,0.0,0.07,51.6,0.5,23.37,110.28,0.0
2025-06-21T13:00:00+00:00,4.0,77.41,0.0,0.08,52.27,0.49,23.73,110.78,0.0
2025-06-21T14:00:00+00:00,4.0,78.46,0.0,0.08,53.24,0.48,24.08,110.97,0.0
2025-06-21T15:00:00+00:00,4.0,79.77,0.0,0.09,54.21,0.48,24.59,111.95,0.0
2025-06-21T16:00:00+00:00,4.0,80.54,0.0,0.08,54.66,0.48,25.39,114.73,0.0
2025-06-21T17:00:00+00:00,4.0,80.84,0.0,0.08,54.73,0.49,26.62,120.18,0.0
2025-06-21T18:00:00+00:00,4.0,80.74,0.0,0.08,54.62,0.5,28.33,128.6,0.0
2025-06-21T19:00:00+00:00,4.0,80.67,0.0,0.08,54.68,0.5,30.41,139.57,0.0
2025-06-21T20:00:00+00:00,4.0,81.12,0.0,0.08,55.51,0.49,32.8,152.22,0.0
2025-06-21T21:00:00+00:00,4.0,81.62,0.0,0.08,56.49,0.49,34.97,164.31,0.0
2025-06-21T22:00:00+00:00,4.0,81.5,0.0,0.08,56.97,0.49,36.4,173.31,0.0
2025-06-21T23:00:00+00:00,4.0,80.92,0.0,0.07,56.72,0.49,36.52,176.15,0.0
2025-06-22T00:00:00+00:00,4.0,79.74,0.0,0.07,55.81,0.49,35.16,171.36,0.0
2025-06-22T01:00:00+00:00,4.0,78.63,0.0,0.08,54.85,0.48,33.69,165.06,0.0
2025-06-22T02:00:00+00:00,4.0,77.49,0.0,0.08,53.83,0.48,32.11,157.21,0.0
2025-06-22T03:00:00+00:00,4.0,76.95,0.0,0.09,53.37,0.48,30.7,149.09,0.0
2025-06-22T04:00:00+00:00,4.0,77.35,0.0,0.09,53.8,0.48,29.83,143.58,0.0
2025-06-22T05:00:00+00:00,4.0,78.39,0.0,0.09,54.76,0.47,29.62,141.4,0.0
2025-06-22T06:00:00+00:00,4.0,79.25,0.0,0.08,55.6,0.46,29.77,141.45,0.0
2025-06-22T07:00:00+00:00,4.0,79.38,0.0,0.08,55.66,0.45,30.07,142.78,0.0
2025-06-22T08:00:00+00:00,4.0,78.93,0.0,0.07,55.19,0.46,30.35,144.39,0.0
2025-06-22T09:00:00+00:00,4.0,78.79,0.0,0.07,54.87,0.46,30.46,144.85,0.0
2025-06-22T10:00:00+00:00,4.0,79.66,0.0,0.08,55.72,0.46,30.5,144.28,0.0
2025-06-22T11:00:00+00:00,4.0,80.69,0.0,0.08,56.88,0.46,30.37,142.83,0.0
2025-06-22T12:00:00+00:00,4.0,80.78,0.0,0.09,56.59,0.45,30.29,142.17,0.0
2025-06-22T13:00:00+00:00,4.0,79.61,0.0,0.09,54.54,0.46,30.04,141.26,0.0
2025-06-22T14:00:00+00:00,4.0,77.74,0.0,0.1,51.29,0.48,29.42,138.57,0.0
2025-06-22T15:00:00+00:00,4.0,77.24,0.0,0.1,49.62,0.51,29.05,136.01,0.0
2025-06-22T16:00:00+00:00,4.0,78.61,0.0,0.09,50.29,0.52,29.27,135.22,0.0
2025-06-22T17:00:00+00:00,4.0,80.35,0.0,0.09,51.79,0.51,30.15,137.01,0.0
2025-06-22T18:00:00+00:00,4.0,81.3,0.0,0.09,52.66,0.51,31.27,140.12,0.0
2025-06-22T19:00:00+00:00,4.0,81.27,0.0,0.1,52.55,0.5,32.22,142.62,0.0
2025-06-22T20:00:00+00:00,4.0,80.49,0.0,0.1,51.8,0.5,33.16,145.58,0.0
2025-06-22T21:00:00+00:00,4.0,79.2,0.0,0.1,50.37,0.51,33.58,146.9,0.0
2025-06-22T22:00:00+00:00,4.0,78.16,0.0,0.1,49.51,0.52,33.85,147.8,0.0
2025-06-22T23:00:00+00:00,4.0,78.11,0.0,0.1,49.7,0.52,34.16,149.05,0.0
2025-06-23T00:00:00+00:00,4.0,78.58,0.0,0.09,50.66,0.51,34.45,150.47,0.0
2025-06-23T01:00:00+00:00,4.0,78.78,0.0,0.09,51.4,0.5,34.48,150.57,0.0
2025-06-23T02:00:00+00:00,4.0,78.67,0.0,0.1,51.5,0.51,34.17,149.08,0.0
2025-06-23T03:00:00+00:00,4.0,78.64,0.0,0.09,51.86,0.51,33.97,148.5,0.0
2025-06-23T04:00:00+00:00,4.0,79.95,0.01,0.09,53.88,0.51,34.29,151.06,0.0
2025-06-23T05:00:00+00:00,4.0,81.91,0.01,0.08,56.47,0.5,34.84,154.49,0.0
2025-06-23T06:00:00+00:00,4.0,82.9,0.01,0.07,57.64,0.5,34.99,155.69,0.0
2025-06-23T07:00:00+00:00,4.0,82.31,0.01,0.07,56.43,0.5,34.64,154.66,0.0
2025-06-23T08:00:00+00:00,4.0,80.85,0.01,0.06,53.86,0.5,33.95,152.48,0.0
2025-06-23T09:00:00+00:00,4.0,79.65,0.01,0.06,51.55,0.5,33.41,151.11,0.0
2025-06-23T10:00:00+00:00,4.0,79.53,0.01,0.06,50.84,0.49,33.38,151.63,0.0
2025-06-23T11:00:00+00:00,4.0,80.53,0.01,0.06,52.18,0.48,33.7,152.53,0.0
2025-06-23T12:00:00+00:00,4.0,82.21,0.01,0.07,54.71,0.48,33.87,151.62,0.0
2025-06-23T13:00:00+00:00,4.0,82.81,0.0,0.08,55.7,0.48,33.41,148.13,0.0
2025-06-23T14:00:00+00:00,4.0,81.14,0.0,0.09,53.53,0.5,32.22,142.4,0.0
2025-06-23T15:00:00+00:00,4.0,78.3,0.0,0.1,49.63,0.54,31.06,137.95,0.0
2025-06-23T16:00:00+00:00,4.0,76.38,0.0,0.11,46.87,0.56,30.62,136.56,0.0
2025-06-23T17:00:00+00:00,4.0,76.22,0.0,0.11,46.65,0.57,30.82,137.16,0.0
2025-06-23T18:00:00+00:00,4.0,76.91,0.0,0.12,47.57,0.57,31.53,138.59,0.0
2025-06-23T19:00:00+00:00,4.0,77.35,0.0,0.12,48.36,0.57,32.3,140.28,0.0
2025-06-23T20:00:00+00:00,4.0,77.51,0.0,0.12,48.74,0.57,32.94,142.26,0.0
2025-06-23T21:00:00+00:00,4.0,77.82,0.0,0.12,49.31,0.56,33.1,142.7,0.0
2025-06-23T22:00:00+00:00,4.0,78.81,0.0,0.12,50.97,0.54,32.64,140.9,0.0
2025-06-23T23:00:00+00:00,4.0,80.15,0.0,0.11,53.38,0.51,32.06,138.53,0.0
2025-06-24T00:00:00+00:00,4.0,81.6,0.0,0.11,55.5,0.5,31.47,136.12,0.0
2025-06-24T01:00:00+00:00,4.0,82.57,0.0,0.1,56.99,0.49,30.62,132.54,0.0
2025-06-24T02:00:00+00:00,4.0,82.98,0.0,0.11,57.81,0.49,30.11,130.74,0.0
2025-06-24T03:00:00+00:00,4.0,82.87,0.0,0.11,57.79,0.49,30.36,132.02,0.0
2025-06-24T04:00:00+00:00,4.0,82.43,0.01,0.1,57.18,0.5,30.84,133.88,0.0
2025-06-24T05:00:00+00:00,4.0,81.87,0.01,0.09,56.36,0.5,31.23,135.33,0.0
2025-06-24T06:00:00+00:00,4.0,81.49,0.01,0.07,55.56,0.5,31.73,137.6,0.0
2025-06-24T07:00:00+00:00,4.0,80.83,0.01,0.06,54.2,0.49,32.4,141.28,0.0
2025-06-24T08:00:00+00:00,4.0,79.91,0.01,0.06,52.19,0.49,33.02,145.23,0.0
2025-06-24T09:00:00+00:00,4.0,79.22,0.01,0.05,50.19,0.49,33.31,147.66,0.0
2025-06-24T10:00:00+00:00,4.0,79.1,0.01,0.05,49.03,0.5,33.36,148.67,0.0
2025-06-24T11:00:00+00:00,4.0,79.45,0.01,0.05,48.97,0.5,33.0,146.95,0.0
2025-06-24T12:00:00+00:00,4.0,80.0,0.01,0.06,49.65,0.5,32.59,144.17,0.0
2025-06-24T13:00:00+00:00,4.0,80.96,0.01,0.07,50.47,0.51,32.56,142.38,0.0
2025-06-24T14:00:00+00:00,4.0,81.43,0.0,0.09,50.93,0.52,32.89,142.09,0.0
2025-06-24T15:00:00+00:00,4.0,81.71,0.0,0.1,51.18,0.53,33.45,142.48,0.0
2025-06-24T16:00:00+00:00,4.0,81.83,0.0,0.1,51.41,0.54,34.07,142.48,0.0
2025-06-24T17:00:00+00:00,4.0,81.81,0.0,0.1,51.73,0.56,34.94,143.26,0.0
2025-06-24T18:00:00+00:00,4.0,82.04,0.0,0.1,52.31,0.58,36.19,145.26,0.0
2025-06-24T19:00:00+00:00,4.0,82.58,0.0,0.1,53.56,0.59,37.65,148.19,0.0
2025-06-24T20:00:00+00:00,4.0,83.76,0.0,0.1,55.57,0.6,39.03,150.99,0.0
2025-06-24T21:00:00+00:00,4.0,85.25,0.0,0.1,58.08,0.6,40.09,152.72,0.0
2025-06-24T22:00:00+00:00,4.0,87.26,0.0,0.1,61.51,0.6,40.85,153.11,0.0
2025-06-24T23:00:00+00:00,4.0,89.61,0.0,0.09,65.36,0.61,41.78,154.26,0.0
2025-06-25T00:00:00+00:00,4.0,91.61,0.0,0.09,68.64,0.62,42.76,156.12,0.0
2025-06-25T01:00:00+00:00,4.0,93.51,0.0,0.09,71.71,0.63,43.56,157.92,0.0
2025-06-25T02:00:00+00:00,4.0,95.16,0.0,0.1,73.84,0.64,44.08,158.88,0.0
2025-06-25T03:00:00+00:00,4.0,96.33,0.0,0.1,75.18,0.65,44.24,159.31,0.0
2025-06-25T04:00:00+00:00,4.0,96.56,0.01,0.08,75.24,0.65,43.88,158.99,0.0
2025-06-25T05:00:00+00:00,4.0,96.43,0.01,0.07,74.62,0.64,43.3,158.94,0.0
2025-06-25T06:00:00+00:00,4.0,96.25,0.01,0.07,73.69,0.63,42.49,158.84,0.0
2025-06-25T07:00:00+00:00,4.0,95.96,0.0,0.07,72.75,0.62,41.49,158.52,0.0
2025-06-25T08:00:00+00:00,4.0,95.38,0.0,0.07,71.63,0.61,40.45,158.36,0.0
2025-06-25T09:00:00+00:00,4.0,94.44,0.0,0.08,70.14,0.59,39.44,158.29,0.0
2025-06-25T10:00:00+00:00,4.0,93.64,0.0,0.09,68.56,0.58,38.72,159.23,0.0
2025-06-25T11:00:00+00:00,4.0,92.43,0.0,0.1,66.52,0.56,37.99,160.34,0.0
2025-06-25T12:00:00+00:00,4.0,90.84,0.0,0.1,64.19,0.55,37.41,161.78,0.0
2025-06-25T13:00:00+00:00,4.0,89.55,0.0,0.11,61.98,0.53,37.07,164.12,0.0
2025-06-25T14:00:00+00:00,4.0,88.73,0.0,0.11,60.45,0.52,37.01,167.12,0.0
2025-06-25T15:00:00+00:00,4.0,88.53,0.0,0.11,59.69,0.51,37.05,170.73,0.0
2025-06-25T16:00:00+00:00,4.0,88.5,0.0,0.1,59.4,0.5,37.45,175.96,0.0
2025-06-25T17:00:00+00:00,4.0,88.63,0.0,0.1,59.06,0.49,37.53,178.9,0.0
2025-06-25T18:00:00+00:00,4.0,88.82,0.0,0.09,58.5,0.49,37.9,182.5,0.0
2025-06-25T19:00:00+00:00,4.0,88.7,0.0,0.09,57.93,0.48,38.11,184.85,0.0
2025-06-25T20:00:00+00:00,4.0,89.03,0.0,0.08,58.05,0.46,38.27,186.76,0.0
2025-06-25T21:00:00+00:00,4.0,89.4,0.0,0.08,58.78,0.45,38.68,190.27,0.0
2025-06-25T22:00:00+00:00,4.0,90.2,0.0,0.08,60.37,0.44,39.8,196.87,0.0
2025-06-25T23:00:00+00:00,5.0,91.01,0.0,0.07,62.19,0.43,41.6,205.96,0.0
2025-06-26T00:00:00+00:00,5.0,91.65,0.0,0.07,63.72,0.42,43.63,215.1,0.0
2025-06-26T00:00:00+00:00,5.0,91.65,0.0,0.07,63.72,0.42,43.63,215.1,0.0
2025-06-26T01:00:00+00:00,5.0,92.19,0.0,0.07,64.87,0.41,45.46,221.07,0.0
2025-06-26T02:00:00+00:00,5.0,92.22,0.0,0.08,64.96,0.41,46.84,222.7,0.0
2025-06-26T03:00:00+00:00,5.0,92.13,0.0,0.09,64.9,0.4,47.82,222.78,0.0
2025-06-26T04:00:00+00:00,5.0,91.94,0.0,0.09,64.34,0.39,48.41,221.79,0.0
2025-06-26T05:00:00+00:00,5.0,91.66,0.0,0.08,63.61,0.37,48.6,220.35,0.0
2025-06-26T06:00:00+00:00,5.0,91.18,0.0,0.08,62.97,0.36,48.28,217.68,0.0
2025-06-26T07:00:00+00:00,5.0,90.75,0.0,0.07,62.31,0.34,47.78,214.65,0.0
2025-06-26T08:00:00+00:00,5.0,90.48,0.0,0.07,61.87,0.32,47.12,206.12,0.0
2025-06-26T09:00:00+00:00,4.0,90.59,0.01,0.07,62.05,0.31,45.97,193.96,0.0
2025-06-26T10:00:00+00:00,4.0,90.65,0.01,0.06,61.94,0.3,44.93,182.61,0.0
2025-06-26T11:00:00+00:00,4.0,89.96,0.01,0.07,60.91,0.3,44.13,173.18,0.0
2025-06-26T12:00:00+00:00,4.0,88.99,0.0,0.08,59.59,0.32,43.5,167.67,0.0
2025-06-26T13:00:00+00:00,4.0,88.12,0.0,0.1,58.7,0.33,42.7,165.6,0.0
2025-06-26T14:00:00+00:00,4.0,87.02,0.0,0.12,57.87,0.35,41.77,166.33,0.0
2025-06-26T15:00:00+00:00,4.0,85.75,0.0,0.12,56.64,0.36,40.76,168.64,0.0
2025-06-26T16:00:00+00:00,4.0,84.7,0.0,0.12,55.55,0.37,39.62,170.96,0.0
2025-06-26T17:00:00+00:00,4.0,84.0,0.0,0.12,54.51,0.39,38.86,175.01,0.0
2025-06-26T18:00:00+00:00,4.0,83.52,0.0,0.12,53.6,0.4,38.84,183.57,0.0
2025-06-26T19:00:00+00:00,4.0,83.12,0.0,0.12,52.94,0.41,39.72,197.32,0.0
2025-06-26T20:00:00+00:00,5.0,83.0,0.0,0.12,52.55,0.42,41.61,216.59,0.0
2025-06-26T21:00:00+00:00,5.0,82.92,0.0,0.13,52.3,0.43,44.31,240.96,0.0
2025-06-26T22:00:00+00:00,5.0,83.04,0.0,0.13,52.34,0.44,47.81,273.43,0.0
2025-06-26T23:00:00+00:00,5.0,83.08,0.0,0.13,52.39,0.45,51.38,309.01,0.0
2025-06-27T00:00:00+00:00,5.0,83.03,0.0,0.13,52.12,0.46,54.1,337.26,0.0
2025-06-27T01:00:00+00:00,5.0,83.05,0.0,0.13,51.97,0.46,52.87,302.11,0.02
2025-06-27T02:00:00+00:00,5.0,83.49,0.0,0.13,52.79,0.4,50.24,247.75,0.02
2025-06-27T03:00:00+00:00,1.0,84.31,0.0,0.14,54.1,0.35,0.0,0.0,0.03
2025-06-27T04:00:00+00:00,4.0,85.23,0.0,0.14,54.53,0.31,45.5,180.48,0.07
2025-06-27T05:00:00+00:00,4.0,86.12,0.0,0.15,54.16,0.29,43.11,161.86,0.13
2025-06-27T06:00:00+00:00,4.0,87.08,0.01,0.14,54.12,0.28,41.86,153.97,0.2
2025-06-27T07:00:00+00:00,4.0,87.64,0.01,0.12,54.09,0.27,42.28,157.43,0.22
2025-06-27T08:00:00+00:00,4.0,88.03,0.01,0.12,53.95,0.26,43.59,168.43,0.21
2025-06-27T09:00:00+00:00,4.0,87.94,0.01,0.11,54.29,0.24,44.93,181.95,0.19
2025-06-27T10:00:00+00:00,4.0,88.22,0.0,0.1,56.45,0.26,45.44,188.15,0.25
2025-06-27T11:00:00+00:00,4.0,88.86,0.0,0.1,58.87,0.29,43.97,169.84,0.4
2025-06-27T12:00:00+00:00,4.0,89.4,0.0,0.11,60.33,0.34,40.27,137.24,0.55
2025-06-27T13:00:00+00:00,4.0,90.08,0.0,0.14,61.53,0.39,36.72,108.48,0.67
2025-06-27T14:00:00+00:00,3.0,90.1,0.0,0.18,61.25,0.42,33.69,86.73,0.73
2025-06-27T15:00:00+00:00,3.0,90.29,0.0,0.23,60.18,0.45,30.74,70.5,0.73
2025-06-27T16:00:00+00:00,3.0,92.27,0.0,0.3,59.78,0.45,28.04,59.5,0.69
2025-06-27T17:00:00+00:00,3.0,94.7,0.0,0.34,59.35,0.45,25.77,52.58,0.64
2025-06-27T18:00:00+00:00,2.0,95.29,0.0,0.33,58.33,0.42,24.3,48.47,0.61
2025-06-27T19:00:00+00:00,2.0,93.77,0.0,0.29,56.75,0.43,21.95,41.71,0.53
2025-06-27T20:00:00+00:00,2.0,91.11,0.0,0.24,55.03,0.41,19.35,34.0,0.42
2025-06-27T21:00:00+00:00,2.0,88.71,0.0,0.2,53.64,0.37,17.37,28.42,0.35
2025-06-27T22:00:00+00:00,2.0,86.39,0.0,0.17,52.61,0.32,15.89,24.91,0.3
2025-06-27T23:00:00+00:00,2.0,85.21,0.0,0.14,52.18,0.27,15.13,22.92,0.26
2025-06-28T00:00:00+00:00,2.0,85.03,0.0,0.12,53.01,0.23,14.8,21.37,0.24
2025-06-28T01:00:00+00:00,2.0,85.67,0.0,0.1,54.81,0.19,14.41,19.65,0.21
2025-06-28T02:00:00+00:00,2.0,85.99,0.0,0.09,56.4,0.18,13.81,18.67,0.15
2025-06-28T03:00:00+00:00,2.0,84.83,0.0,0.1,56.58,0.19,13.22,19.06,0.1
2025-06-28T04:00:00+00:00,2.0,83.88,0.0,0.1,57.91,0.16,12.22,16.8,0.08
2025-06-28T05:00:00+00:00,2.0,85.67,0.0,0.1,61.71,0.16,11.68,16.0,0.06
2025-06-28T06:00:00+00:00,2.0,89.03,0.0,0.09,66.29,0.15,10.8,14.77,0.05
2025-06-28T07:00:00+00:00,2.0,90.16,0.0,0.08,68.07,0.15,10.01,13.73,0.04
2025-06-28T08:00:00+00:00,2.0,88.96,0.0,0.08,68.02,0.14,9.8,13.48,0.03
2025-06-28T09:00:00+00:00,2.0,87.25,0.0,0.07,67.79,0.14,9.84,13.5,0.02
2025-06-28T10:00:00+00:00,2.0,85.2,0.0,0.07,67.0,0.14,9.86,13.92,0.02
2025-06-28T11:00:00+00:00,2.0,82.58,0.0,0.07,65.36,0.15,9.65,13.88,0.02
2025-06-28T12:00:00+00:00,2.0,80.26,0.0,0.08,63.45,0.15,9.1,13.17,0.01
2025-06-28T13:00:00+00:00,2.0,78.78,0.0,0.09,61.57,0.15,8.82,12.97,0.01
2025-06-28T14:00:00+00:00,1.0,77.41,0.0,0.1,59.39,0.15,8.45,12.31,0.01
2025-06-28T15:00:00+00:00,1.0,76.5,0.0,0.1,57.35,0.14,8.08,11.34,0.0
2025-06-28T16:00:00+00:00,1.0,76.0,0.0,0.1,55.86,0.13,7.82,10.55,0.0
2025-06-28T17:00:00+00:00,1.0,75.46,0.0,0.1,54.02,0.13,7.93,10.48,0.0
2025-06-28T18:00:00+00:00,1.0,74.75,0.0,0.1,52.09,0.13,8.15,10.63,0.0
2025-06-28T19:00:00+00:00,1.0,74.03,0.0,0.1,50.18,0.14,8.53,11.06,0.0
2025-06-28T20:00:00+00:00,1.0,73.37,0.0,0.1,48.47,0.14,9.1,11.66,0.0
2025-06-28T21:00:00+00:00,1.0,72.82,0.0,0.1,47.27,0.14,9.68,12.2,0.0
2025-06-28T22:00:00+00:00,2.0,73.13,0.0,0.1,47.07,0.15,10.0,12.41,0.0
2025-06-28T23:00:00+00:00,1.0,73.56,0.0,0.1,47.46,0.16,9.99,12.32,0.0
2025-06-29T00:00:00+00:00,1.0,74.34,0.0,0.1,48.32,0.16,9.74,12.07,0.0
2025-06-29T01:00:00+00:00,1.0,75.74,0.0,0.09,51.36,0.13,9.74,11.91,0.0
2025-06-29T02:00:00+00:00,1.0,76.39,0.0,0.1,52.15,0.13,9.79,12.1,0.0
2025-06-29T03:00:00+00:00,1.0,77.36,0.01,0.1,53.29,0.13,9.94,12.35,0.0
2025-06-29T04:00:00+00:00,2.0,78.45,0.01,0.08,54.71,0.12,10.3,12.88,0.0
2025-06-29T05:00:00+00:00,2.0,79.68,0.01,0.07,56.29,0.12,10.81,13.64,0.0
2025-06-29T06:00:00+00:00,2.0,81.86,0.01,0.06,58.04,0.13,11.4,14.51,0.0
2025-06-29T07:00:00+00:00,2.0,85.44,0.01,0.05,60.15,0.13,11.99,15.34,0.0
2025-06-29T08:00:00+00:00,2.0,91.05,0.01,0.04,62.42,0.13,12.44,16.03,0.0
2025-06-29T09:00:00+00:00,2.0,98.84,0.01,0.04,64.66,0.13,12.64,16.42,0.0
2025-06-29T10:00:00+00:00,2.0,110.37,0.01,0.04,67.61,0.13,12.56,16.52,0.0
2025-06-29T11:00:00+00:00,2.0,124.08,0.01,0.05,71.24,0.13,12.11,16.29,0.0
2025-06-29T12:00:00+00:00,2.0,133.16,0.01,0.06,74.15,0.13,11.49,16.01,0.0
2025-06-29T13:00:00+00:00,2.0,130.68,0.0,0.08,75.26,0.14,10.78,15.65,0.0
2025-06-29T14:00:00+00:00,2.0,117.19,0.0,0.09,74.88,0.15,10.62,16.16,0.0
2025-06-29T15:00:00+00:00,2.0,101.06,0.0,0.09,74.09,0.17,10.94,17.67,0.0
2025-06-29T16:00:00+00:00,2.0,90.16,0.0,0.09,73.13,0.2,10.89,18.95,0.0
2025-06-29T17:00:00+00:00,2.0,84.86,0.0,0.09,71.29,0.21,10.4,19.6,0.0
2025-06-29T18:00:00+00:00,2.0,82.72,0.0,0.09,68.84,0.23,10.0,20.47,0.0
2025-06-29T19:00:00+00:00,2.0,81.92,0.0,0.09,66.66,0.24,10.12,22.03,0.0
2025-06-29T20:00:00+00:00,2.0,81.56,0.0,0.09,64.96,0.25,10.89,24.31,0.0
2025-06-29T21:00:00+00:00,2.0,81.45,0.0,0.09,63.74,0.25,12.0,26.79,0.0
2025-06-29T22:00:00+00:00,2.0,80.95,0.0,0.09,62.63,0.26,13.36,29.84,0.0
2025-06-29T23:00:00+00:00,2.0,80.14,0.0,0.09,61.17,0.27,15.0,34.57,0.0
2025-06-30T00:00:00+00:00,2.0,78.8,0.0,0.09,59.62,0.29,16.53,40.33,0.0
2025-06-30T01:00:00+00:00,2.0,77.38,0.0,0.09,58.01,0.32,17.81,47.04,0.0
2025-06-30T02:00:00+00:00,3.0,75.82,0.0,0.1,55.91,0.36,18.94,55.43,0.0
2025-06-30T03:00:00+00:00,3.0,74.15,0.0,0.1,52.59,0.4,20.14,67.04,0.0
2025-06-30T04:00:00+00:00,3.0,72.1,0.01,0.1,48.26,0.47,21.61,84.66,0.0
2025-06-30T05:00:00+00:00,4.0,70.23,0.01,0.09,43.93,0.54,23.22,103.15,0.0
2025-06-30T06:00:00+00:00,4.0,68.84,0.01,0.09,40.72,0.58,24.28,113.93,0.0
2025-06-30T07:00:00+00:00,4.0,67.69,0.01,0.08,38.46,0.6,24.72,117.09,0.0
2025-06-30T08:00:00+00:00,4.0,67.23,0.01,0.07,37.28,0.59,24.93,117.92,0.0
2025-06-30T09:00:00+00:00,4.0,67.38,0.01,0.07,37.09,0.58,25.08,119.68,0.0
2025-06-30T10:00:00+00:00,4.0,68.05,0.01,0.07,37.56,0.56,25.16,121.98,0.0
2025-06-30T11:00:00+00:00,4.0,68.59,0.01,0.07,38.16,0.54,24.9,121.78,0.0
2025-06-30T12:00:00+00:00,4.0,69.06,0.0,0.08,38.82,0.52,24.39,117.54,0.0
2025-06-30T13:00:00+00:00,4.0,69.96,0.0,0.09,39.93,0.5,23.2,108.61,0.0
2025-06-30T14:00:00+00:00,4.0,71.05,0.0,0.1,41.14,0.47,21.89,100.06,0.0
2025-06-30T15:00:00+00:00,3.0,71.42,0.0,0.1,41.44,0.47,21.56,98.81,0.0
2025-06-30T16:00:00+00:00,4.0,70.94,0.0,0.11,40.76,0.47,21.75,101.91,0.0
2025-06-30T17:00:00+00:00,4.0,70.24,0.0,0.11,39.85,0.48,22.08,106.01,0.0
2025-06-30T18:00:00+00:00,4.0,69.71,0.0,0.11,39.14,0.49,22.34,109.11,0.0
2025-06-30T19:00:00+00:00,4.0,69.19,0.0,0.12,38.77,0.49,22.24,109.39,0.0
2025-06-30T20:00:00+00:00,4.0,69.16,0.0,0.12,38.98,0.48,21.74,106.25,0.0
2025-06-30T21:00:00+00:00,4.0,69.51,0.0,0.12,39.78,0.47,20.95,101.02,0.0
2025-06-30T22:00:00+00:00,3.0,69.82,0.0,0.13,40.77,0.45,20.34,94.36,0.0
2025-06-30T23:00:00+00:00,3.0,70.03,0.0,0.12,41.8,0.43,19.97,88.37,0.0
2025-07-01T00:00:00+00:00,3.0,70.47,0.0,0.12,43.05,0.41,19.26,81.15,0.0
2025-07-01T00:00:00+00:00,3.0,70.47,0.0,0.12,43.05,0.41,19.26,81.15,0.0
2025-07-01T01:00:00+00:00,3.0,70.78,0.0,0.11,44.33,0.39,18.25,73.65,0.0
2025-07-01T02:00:00+00:00,3.0,71.11,0.0,0.11,45.46,0.38,17.4,68.66,0.0
2025-07-01T03:00:00+00:00,3.0,71.27,0.01,0.1,46.24,0.37,16.95,66.68,0.0
2025-07-01T04:00:00+00:00,3.0,71.53,0.01,0.09,46.84,0.37,16.92,70.23,0.0
2025-07-01T05:00:00+00:00,3.0,71.6,0.01,0.08,47.17,0.37,17.11,75.83,0.0
2025-07-01T06:00:00+00:00,3.0,71.82,0.01,0.07,47.06,0.37,17.37,79.52,0.0
2025-07-01T07:00:00+00:00,3.0,71.88,0.01,0.06,46.49,0.37,17.53,81.21,0.0
2025-07-01T08:00:00+00:00,3.0,71.53,0.01,0.06,45.36,0.37,17.78,82.78,0.0
2025-07-01T09:00:00+00:00,3.0,71.3,0.01,0.05,43.98,0.38,18.17,85.23,0.0
2025-07-01T10:00:00+00:00,3.0,71.31,0.01,0.05,42.96,0.39,18.81,88.73,0.0
2025-07-01T11:00:00+00:00,3.0,71.31,0.01,0.06,42.4,0.4,19.58,92.58,0.0
2025-07-01T12:00:00+00:00,3.0,71.74,0.01,0.06,42.35,0.41,20.36,95.9,0.0
2025-07-01T13:00:00+00:00,3.0,72.29,0.0,0.07,42.84,0.41,20.88,97.25,0.0
2025-07-01T14:00:00+00:00,3.0,73.18,0.0,0.09,43.55,0.42,21.15,96.99,0.0
2025-07-01T15:00:00+00:00,3.0,73.76,0.0,0.1,44.15,0.42,21.56,97.31,0.0
2025-07-01T16:00:00+00:00,3.0,73.92,0.0,0.1,44.37,0.42,21.65,95.99,0.0
2025-07-01T17:00:00+00:00,3.0,74.05,0.0,0.1,44.56,0.41,21.39,94.03,0.0
2025-07-01T18:00:00+00:00,3.0,73.83,0.0,0.1,44.53,0.39,20.98,92.08,0.0
2025-07-01T19:00:00+00:00,3.0,73.29,0.0,0.1,44.35,0.38,20.42,90.03,0.0
2025-07-01T20:00:00+00:00,3.0,72.92,0.0,0.1,44.4,0.37,19.68,87.62,0.0
2025-07-01T21:00:00+00:00,3.0,72.74,0.0,0.1,44.6,0.37,18.82,82.72,0.0
2025-07-01T22:00:00+00:00,3.0,72.4,0.0,0.1,44.75,0.36,18.1,78.61,0.0
2025-07-01T23:00:00+00:00,3.0,72.22,0.0,0.1,44.91,0.36,17.59,74.96,0.0
2025-07-02T00:00:00+00:00,3.0,72.19,0.0,0.09,45.07,0.36,17.03,70.8,0.0
2025-07-02T01:00:00+00:00,3.0,72.25,0.0,0.09,45.17,0.38,17.12,71.29,0.0
2025-07-02T02:00:00+00:00,3.0,72.22,0.0,0.1,45.25,0.4,17.65,74.86,0.0
2025-07-02T03:00:00+00:00,3.0,72.4,0.0,0.1,45.6,0.41,17.83,76.77,0.0
2025-07-02T04:00:00+00:00,3.0,72.66,0.01,0.09,46.07,0.41,17.69,75.67,0.0
2025-07-02T05:00:00+00:00,3.0,72.83,0.01,0.08,46.33,0.4,17.62,74.06,0.0
2025-07-02T06:00:00+00:00,3.0,72.8,0.01,0.07,46.21,0.39,17.7,73.01,0.0
2025-07-02T07:00:00+00:00,3.0,72.57,0.01,0.06,45.59,0.38,17.73,72.95,0.0
2025-07-02T08:00:00+00:00,3.0,72.27,0.01,0.05,44.49,0.38,17.61,73.09,0.0
2025-07-02T09:00:00+00:00,3.0,71.82,0.01,0.05,43.22,0.38,17.52,74.05,0.0
2025-07-02T10:00:00+00:00,3.0,71.61,0.01,0.05,42.12,0.39,17.63,76.01,0.0
2025-07-02T11:00:00+00:00,3.0,71.2,0.01,0.05,41.25,0.41,17.98,78.45,0.0
2025-07-02T12:00:00+00:00,3.0,71.08,0.01,0.06,40.87,0.42,18.41,79.82,0.0
2025-07-02T13:00:00+00:00,3.0,71.48,0.0,0.08,41.19,0.43,18.6,79.26,0.0
2025-07-02T14:00:00+00:00,3.0,72.1,0.0,0.09,42.12,0.42,18.52,77.43,0.0
2025-07-02T15:00:00+00:00,3,73.0,0,0.09,43.2,0.41,18.51,76.67,0
2025-07-02T16:00:00+00:00,3,73.64,0,0.09,44.05,0.4,18.39,76.31,0
2025-07-02T17:00:00+00:00,3,74.08,0,0.09,44.69,0.38,18.0,75.46,0
2025-07-02T18:00:00+00:00,3,74.2,0,0.1,44.66,0.37,17.96,76.4,0
2025-07-02T19:00:00+00:00,3,73.82,0,0.1,43.99,0.37,18.22,78.41,0
2025-07-02T20:00:00+00:00,3,73.3,0.0,0.1,43.22,0.37,18.61,80.68,0
2025-07-02T21:00:00+00:00,3,72.75,0.0,0.1,42.53,0.38,18.92,82.53,0
2025-07-02T22:00:00+00:00,3,72.35,0.0,0.1,42.18,0.38,18.97,82.26,0
2025-07-02T23:00:00+00:00,3,72.17,0.0,0.1,42.13,0.37,18.88,79.37,0
2025-07-03T00:00:00+00:00,3,72.31,0.0,0.09,42.37,0.36,18.62,74.63,0
2025-07-03T01:00:00+00:00,3,72.64,0.0,0.09,42.55,0.35,18.33,70.31,0
2025-07-03T02:00:00+00:00,3,72.89,0.0,0.1,42.42,0.35,18.63,69.85,0
2025-07-03T03:00:00+00:00,3,72.97,0.0,0.11,42.29,0.34,18.85,70.19,0
2025-07-03T04:00:00+00:00,3,73.28,0.0,0.1,42.28,0.33,18.89,70.79,0
2025-07-03T05:00:00+00:00,3,73.45,0.0,0.1,42.29,0.32,18.76,71.32,0
2025-07-03T06:00:00+00:00,3,73.45,0.01,0.09,42.43,0.3,18.42,71.53,0
2025-07-03T07:00:00+00:00,3,73.57,0.01,0.08,42.69,0.29,18.07,72.16,0
2025-07-03T08:00:00+00:00,3,73.47,0.01,0.08,42.75,0.29,17.65,72.4,0
2025-07-03T09:00:00+00:00,3,73.0,0.01,0.08,42.56,0.3,17.59,74.05,0
2025-07-03T10:00:00+00:00,3,72.46,0.01,0.08,42.17,0.31,18.05,77.44,0
2025-07-03T11:00:00+00:00,3,71.61,0.0,0.08,41.71,0.32,18.69,80.91,0
2025-07-03T12:00:00+00:00,3,71.07,0.0,0.09,41.67,0.33,19.12,82.91,0
2025-07-03T13:00:00+00:00,3,70.83,0.0,0.1,41.9,0.33,19.32,81.4,0
2025-07-03T14:00:00+00:00,3,70.89,0.0,0.11,42.28,0.33,19.54,79.92,0
2025-07-03T15:00:00+00:00,3,71.07,0.0,0.11,42.56,0.32,19.6,79.46,0
2025-07-03T16:00:00+00:00,3,71.21,0.0,0.1,42.78,0.32,19.67,80.87,0
2025-07-03T17:00:00+00:00,3,71.49,0.0,0.1,43.02,0.34,19.97,83.62,0
2025-07-03T18:00:00+00:00,3,71.92,0.0,0.1,43.48,0.35,20.04,83.94,0
2025-07-03T19:00:00+00:00,3,72.53,0.0,0.1,43.99,0.36,19.87,80.64,0
2025-07-03T20:00:00+00:00,3,72.9,0.0,0.1,44.47,0.35,19.59,75.84,0.0
2025-07-03T21:00:00+00:00,3,72.92,0.0,0.1,44.64,0.34,19.82,74.41,0.0
2025-07-03T22:00:00+00:00,3,72.87,0.0,0.1,44.55,0.34,20.47,76.14,0.02
2025-07-03T23:00:00+00:00,3,72.89,0.0,0.1,44.32,0.34,21.43,80.16,0.04
2025-07-04T00:00:00+00:00,3,72.61,0.0,0.1,43.91,0.34,22.73,85.7,0.04
2025-07-04T01:00:00+00:00,3,72.22,0.0,0.1,43.58,0.34,23.72,86.73,0.04
2025-07-04T02:00:00+00:00,3,72.08,0.0,0.1,43.26,0.33,24.32,84.79,0.04
2025-07-04T03:00:00+00:00,3,72.06,0.0,0.11,43.06,0.32,24.86,83.69,0.04
2025-07-04T04:00:00+00:00,3,72.12,0.0,0.11,42.93,0.32,25.15,82.21,0.05
2025-07-04T05:00:00+00:00,3,72.35,0.0,0.11,42.77,0.31,25.26,80.73,0.05
2025-07-04T06:00:00+00:00,3,72.47,0.0,0.1,42.66,0.29,25.3,79.37,0.06
2025-07-04T07:00:00+00:00,3,72.69,0.0,0.09,42.63,0.28,25.12,77.22,0.1
2025-07-04T08:00:00+00:00,3,72.97,0.0,0.09,42.75,0.26,24.84,74.35,0.14
2025-07-04T09:00:00+00:00,3,73.23,0.01,0.08,42.8,0.25,24.7,71.93,0.18
2025-07-04T10:00:00+00:00,3,73.66,0.01,0.08,43.11,0.24,24.84,70.85,0.21
2025-07-04T11:00:00+00:00,3,74.11,0.0,0.08,43.56,0.23,25.2,70.61,0.22
2025-07-04T12:00:00+00:00,3,74.85,0.0,0.08,44.4,0.22,25.73,71.23,0.23
2025-07-04T13:00:00+00:00,3,75.91,0.0,0.09,45.63,0.21,26.45,74.25,0.21
2025-07-04T14:00:00+00:00,3,77.34,0.0,0.09,47.23,0.22,27.59,80.43,0.17
2025-07-04T15:00:00+00:00,3,78.53,0.0,0.09,48.99,0.22,29.1,88.77,0.13
2025-07-04T16:00:00+00:00,3,79.52,0.0,0.09,50.69,0.24,30.62,98.46,0.08
2025-07-04T17:00:00+00:00,4,80.31,0.0,0.09,52.08,0.26,31.93,108.42,0.04
2025-07-04T18:00:00+00:00,4,80.8,0.0,0.09,53.08,0.3,32.88,118.02,0.01
2025-07-04T19:00:00+00:00,4,80.8,0.0,0.09,53.62,0.33,33.33,126.41,0.0
2025-07-04T20:00:00+00:00,4,80.46,0.0,0.09,53.85,0.36,32.94,130.33,0
2025-07-04T21:00:00+00:00,4,79.69,0.0,0.1,53.72,0.38,32.61,132.74,0
2025-07-04T22:00:00+00:00,4,78.86,0.0,0.1,53.44,0.39,32.06,132.77,0
2025-07-04T23:00:00+00:00,4,78.04,0.0,0.1,53.19,0.39,30.96,129.09,0
2025-07-05T00:00:00+00:00,4,77.35,0.0,0.1,52.99,0.38,29.86,124.81,0
2025-07-05T01:00:00+00:00,4,76.6,0.0,0.09,52.96,0.37,28.94,118.78,0
2025-07-05T02:00:00+00:00,4,76.03,0.0,0.1,52.98,0.36,29.33,116.84,0
2025-07-05T03:00:00+00:00,4,75.89,0.0,0.11,53.15,0.36,30.59,119.5,0
2025-07-05T04:00:00+00:00,4,76.26,0.0,0.11,53.58,0.35,32.35,128.24,0
2025-07-05T05:00:00+00:00,4,76.79,0.01,0.09,54.07,0.35,33.98,139.17,0
2025-07-05T06:00:00+00:00,4,77.53,0.01,0.08,54.52,0.34,35.39,149.74,0
2025-07-05T07:00:00+00:00,4,78.42,0.01,0.07,54.97,0.34,36.66,158.29,0
2025-07-05T08:00:00+00:00,4,79.4,0.01,0.07,55.31,0.34,38.11,166.93,0
2025-07-05T09:00:00+00:00,4,80.61,0.01,0.06,55.84,0.35,39.71,176.67,0
2025-07-05T10:00:00+00:00,4,82.63,0.01,0.06,57.04,0.35,41.71,189.9,0
2025-07-05T11:00:00+00:00,5,84.86,0.0,0.07,58.58,0.37,43.79,202.34,0
2025-07-05T12:00:00+00:00,5,86.57,0.0,0.07,60.25,0.38,45.26,207.11,0
2025-07-05T13:00:00+00:00,5,87.64,0.0,0.08,62.02,0.39,45.17,200.79,0
2025-07-05T14:00:00+00:00,4,87.0,0.0,0.09,62.89,0.4,42.85,182.95,0
2025-07-05T15:00:00+00:00,4,84.65,0.0,0.1,62.16,0.42,38.63,156.27,0
2025-07-05T16:00:00+00:00,4,81.17,0.0,0.1,59.93,0.45,34.15,129.38,0
2025-07-05T17:00:00+00:00,4,77.46,0.0,0.11,56.61,0.48,30.83,109.87,0
2025-07-05T18:00:00+00:00,4,74.49,0.0,0.11,53.04,0.51,29.19,100.66,0
2025-07-05T19:00:00+00:00,4,72.35,0.0,0.12,50.44,0.54,29.1,100.84,0
2025-07-05T20:00:00+00:00,4,71.46,0.0,0.13,49.49,0.57,30.25,108.04,0
2025-07-05T21:00:00+00:00,4,71.43,0.0,0.13,49.68,0.58,32.33,119.74,0
2025-07-05T22:00:00+00:00,4,71.65,0.0,0.13,50.53,0.6,34.98,134.06,0
2025-07-05T23:00:00+00:00,4,72.02,0.0,0.13,51.42,0.6,37.51,148.63,0
2025-07-06T00:00:00+00:00,4,72.42,0.0,0.12,52.29,0.61,39.39,163.56,0
2025-07-06T00:00:00+00:00,4,72.42,0.0,0.12,52.29,0.61,39.39,163.56,0
2025-07-06T01:00:00+00:00,4,72.99,0.0,0.11,53.85,0.61,41.22,185.84,0
2025-07-06T02:00:00+00:00,5,73.58,0.0,0.12,55.84,0.6,42.72,210.7,0
2025-07-06T03:00:00+00:00,5,73.08,0.0,0.11,56.03,0.6,41.73,214.1,0
2025-07-06T04:00:00+00:00,5,72.19,0.0,0.1,55.15,0.59,39.27,202.43,0
2025-07-06T05:00:00+00:00,4,71.34,0.01,0.09,53.76,0.59,36.37,185.49,0
2025-07-06T06:00:00+00:00,4,70.61,0.01,0.07,52.07,0.58,33.93,170.21,0
2025-07-06T07:00:00+00:00,4,69.82,0.01,0.06,50.31,0.58,32.15,159.44,0
2025-07-06T08:00:00+00:00,4,69.43,0.01,0.06,48.89,0.58,31.13,153.82,0
2025-07-06T09:00:00+00:00,4,69.28,0.01,0.06,48.04,0.58,30.6,151.51,0
2025-07-06T10:00:00+00:00,4,69.68,0.01,0.06,47.81,0.59,30.33,150.34,0
2025-07-06T11:00:00+00:00,4,70.46,0.01,0.07,48.11,0.59,30.12,149.35,0
2025-07-06T12:00:00+00:00,4,71.67,0.0,0.07,48.7,0.59,30.22,149.41,0
2025-07-06T13:00:00+00:00,4,72.91,0.0,0.09,49.28,0.59,30.36,149.19,0
2025-07-06T14:00:00+00:00,4,73.37,0.0,0.1,49.12,0.59,30.95,149.95,0
2025-07-06T15:00:00+00:00,4,73.26,0.0,0.11,48.38,0.6,31.29,149.01,0
2025-07-06T16:00:00+00:00,4,72.59,0.0,0.11,47.63,0.6,31.53,144.66,0
2025-07-06T17:00:00+00:00,4,72.27,0.0,0.11,47.65,0.6,32.68,148.81,0
2025-07-06T18:00:00+00:00,4,72.58,0.0,0.12,48.74,0.6,35.17,165.65,0
2025-07-06T19:00:00+00:00,4,73.07,0.0,0.12,50.45,0.6,38.81,196.59,0
2025-07-06T20:00:00+00:00,5,73.34,0.0,0.12,52.08,0.6,42.19,226.33,0
2025-07-06T21:00:00+00:00,5,73.02,0.0,0.12,52.71,0.61,43.73,238.98,0
2025-07-06T22:00:00+00:00,5,72.38,0.0,0.12,52.84,0.63,43.22,234.86,0
2025-07-06T23:00:00+00:00,5,72.04,0.0,0.12,53.69,0.63,41.45,218.55,0
2025-07-07T00:00:00+00:00,5,72.73,0.0,0.11,55.92,0.62,40.27,201.29,0
2025-07-07T01:00:00+00:00,4,73.56,0.0,0.11,58.03,0.6,40.04,191.72,0
2025-07-07T02:00:00+00:00,4,73.76,0.0,0.12,58.17,0.59,39.44,186.81,0
2025-07-07T03:00:00+00:00,4,73.42,0.0,0.12,57.44,0.58,38.95,186.92,0
2025-07-07T04:00:00+00:00,4,73.25,0.01,0.12,56.72,0.56,38.79,189.34,0
2025-07-07T05:00:00+00:00,4,73.21,0.01,0.11,56.19,0.55,38.68,191.06,0
2025-07-07T06:00:00+00:00,4,73.31,0.01,0.1,55.68,0.53,38.55,191.08,0
2025-07-07T07:00:00+00:00,4,73.56,0.01,0.09,55.23,0.51,38.31,188.55,0
2025-07-07T08:00:00+00:00,4,73.92,0.01,0.08,55.01,0.49,37.96,184.77,0
2025-07-07T09:00:00+00:00,4,74.58,0.01,0.07,55.01,0.47,37.52,180.64,0
2025-07-07T10:00:00+00:00,4,75.32,0.01,0.07,55.55,0.45,36.71,171.4,0
2025-07-07T11:00:00+00:00,4,75.95,0.0,0.08,56.37,0.44,35.48,161.06,0
2025-07-07T12:00:00+00:00,4,76.27,0.0,0.08,56.92,0.42,34.16,153.61,0
2025-07-07T13:00:00+00:00,4,76.5,0.0,0.09,57.14,0.41,33.16,148.54,0
2025-07-07T14:00:00+00:00,4,76.52,0.0,0.1,56.2,0.41,32.41,142.57,0
2025-07-07T15:00:00+00:00,4,76.53,0.0,0.1,54.63,0.41,31.77,135.48,0
2025-07-07T16:00:00+00:00,4,77.24,0.0,0.1,53.42,0.41,31.75,132.07,0
2025-07-07T17:00:00+00:00,4,78.99,0.0,0.1,53.51,0.42,33.2,139.71,0
2025-07-07T18:00:00+00:00,4,81.11,0.0,0.09,54.25,0.43,35.39,151.84,0
2025-07-07T19:00:00+00:00,4,82.65,0.0,0.09,54.77,0.44,37.6,164.06,0
2025-07-07T20:00:00+00:00,4,83.78,0.0,0.09,55.18,0.47,39.53,171.73,0
2025-07-07T21:00:00+00:00,4,84.28,0.0,0.1,55.76,0.5,40.85,171.79,0
2025-07-07T22:00:00+00:00,4,84.82,0.0,0.1,57.04,0.53,42.1,169.72,0
2025-07-07T23:00:00+00:00,4,85.17,0.0,0.1,58.57,0.56,43.11,169.72,0
2025-07-08T00:00:00+00:00,4,84.71,0.0,0.1,59.77,0.59,43.57,171.55,0
2025-07-08T01:00:00+00:00,4,83.66,0.0,0.1,59.8,0.6,43.67,173.24,0
2025-07-08T02:00:00+00:00,4,82.61,0.0,0.11,59.01,0.59,43.48,174.05,0
2025-07-08T03:00:00+00:00,4,81.9,0.0,0.11,58.47,0.57,43.29,175.02,0
2025-07-08T04:00:00+00:00,4,81.43,0.01,0.1,57.53,0.54,42.95,172.86,0
2025-07-08T05:00:00+00:00,4,80.66,0.01,0.08,56.02,0.51,42.27,168.94,0
2025-07-08T06:00:00+00:00,4,79.64,0.01,0.07,54.47,0.49,41.37,165.54,0
2025-07-08T07:00:00+00:00,4,78.65,0.01,0.06,52.58,0.47,40.12,162.49,0
2025-07-08T08:00:00+00:00,4,77.15,0.01,0.05,50.01,0.45,38.43,158.4,0
2025-07-08T09:00:00+00:00,4,75.65,0.01,0.05,47.75,0.45,36.37,153.69,0
2025-07-08T10:00:00+00:00,4,74.43,0.01,0.05,46.48,0.45,33.89,147.6,0
2025-07-08T11:00:00+00:00,4,73.59,0.01,0.05,45.0,0.45,31.41,134.93,0
2025-07-08T12:00:00+00:00,4,73.06,0.01,0.06,44.4,0.46,29.38,123.02,0
2025-07-08T13:00:00+00:00,4,73.31,0.01,0.07,44.89,0.48,28.18,115.42,0
2025-07-08T14:00:00+00:00,4,73.76,0.0,0.09,46.05,0.5,27.51,110.36,0
2025-07-08T15:00:00+00:00,4,74.25,0.0,0.11,47.54,0.52,27.1,106.37,0
2025-07-08T16:00:00+00:00,4,74.46,0.0,0.11,48.88,0.53,26.85,104.02,0
2025-07-08T17:00:00+00:00,4,74.57,0.0,0.12,50.01,0.53,27.01,105.32,0
2025-07-08T18:00:00+00:00,4,74.47,0.0,0.12,50.33,0.53,27.58,110.39,0
2025-07-08T19:00:00+00:00,4,73.91,0.0,0.12,49.86,0.53,28.35,118.62,0
2025-07-08T20:00:00+00:00,4,73.36,0.0,0.12,49.19,0.54,29.38,129.85,0
2025-07-08T21:00:00+00:00,4,72.96,0.0,0.13,48.48,0.55,30.49,143.35,0
2025-07-08T22:00:00+00:00,4,72.63,0.0,0.12,48.06,0.56,31.65,158.97,0
2025-07-08T23:00:00+00:00,4,72.74,0.0,0.12,48.3,0.57,32.86,176.07,0
2025-07-09T00:00:00+00:00,4,73.11,0.0,0.12,48.72,0.58,34.08,191.11,0
2025-07-09T01:00:00+00:00,4,73.31,0.0,0.11,49.06,0.58,34.66,194.58,0
2025-07-09T02:00:00+00:00,4,73.52,0.0,0.12,48.98,0.56,34.41,187.99,0
2025-07-09T03:00:00+00:00,4,73.5,0.01,0.11,48.53,0.55,33.84,178.75,0
2025-07-09T04:00:00+00:00,4,73.43,0.01,0.1,48.02,0.53,33.12,169.89,0
2025-07-09T05:00:00+00:00,4,73.44,0.01,0.08,47.59,0.51,32.72,163.44,0
2025-07-09T06:00:00+00:00,4,73.66,0.01,0.07,47.07,0.49,32.67,160.69,0
2025-07-09T07:00:00+00:00,4,74.02,0.01,0.06,46.44,0.48,33.28,168.08,0
2025-07-09T08:00:00+00:00,6,74.45,0.01,0.05,45.76,0.47,0.0,0.0,0
2025-07-09T09:00:00+00:00,4,74.88,0.01,0.05,45.06,0.46,34.59,189.15,0
2025-07-09T10:00:00+00:00,4,75.58,0.01,0.05,44.64,0.45,34.86,195.05,0
2025-07-09T11:00:00+00:00,4,75.79,0.01,0.05,44.28,0.45,34.53,195.09,0
2025-07-09T12:00:00+00:00,4,75.89,0.01,0.05,44.14,0.46,33.53,188.34,0
2025-07-09T13:00:00+00:00,4,75.84,0.01,0.07,44.4,0.47,32.46,178.81,0
2025-07-09T14:00:00+00:00,4,76.07,0.0,0.08,45.03,0.49,31.69,170.26,0
2025-07-09T15:00:00+00:00,4,76.51,0.0,0.1,45.94,0.5,31.18,161.79,0
2025-07-09T16:00:00+00:00,4,76.7,0.0,0.1,46.83,0.51,30.92,154.36,0
2025-07-09T17:00:00+00:00,4,77.05,0.0,0.1,47.6,0.53,31.0,148.1,0
2025-07-09T18:00:00+00:00,4,77.31,0.0,0.1,48.08,0.54,31.31,143.15,0
2025-07-09T19:00:00+00:00,4,77.21,0.0,0.11,48.11,0.55,31.65,139.59,0
2025-07-09T20:00:00+00:00,4,76.94,0.0,0.11,47.77,0.55,31.88,137.83,0
2025-07-09T21:00:00+00:00,4,76.46,0.0,0.11,47.37,0.55,31.99,136.8,0
2025-07-09T22:00:00+00:00,4,76.2,0.0,0.11,47.14,0.55,32.03,136.68,0
2025-07-09T23:00:00+00:00,4,76.01,0.0,0.11,47.24,0.54,31.78,136.86,0
2025-07-10T00:00:00+00:00,4,76.08,0.0,0.1,47.59,0.54,31.11,136.36,0
2025-07-10T01:00:00+00:00,4,76.16,0.0,0.1,48.02,0.54,30.18,135.12,0
2025-07-10T02:00:00+00:00,4,76.18,0.0,0.11,48.26,0.53,29.19,132.76,0
2025-07-10T03:00:00+00:00,4,76.03,0.01,0.1,48.16,0.53,28.21,129.57,0
2025-07-10T04:00:00+00:00,4,75.51,0.01,0.09,47.78,0.52,27.21,125.63,0
2025-07-10T05:00:00+00:00,4,74.99,0.01,0.08,47.25,0.51,26.44,122.48,0
2025-07-10T06:00:00+00:00,4,74.56,0.01,0.07,46.59,0.5,25.84,120.21,0
2025-07-10T07:00:00+00:00,4,74.23,0.01,0.06,45.81,0.49,25.34,118.96,0
2025-07-10T08:00:00+00:00,4,74.11,0.01,0.05,45.07,0.48,25.01,118.98,0
2025-07-10T09:00:00+00:00,4,74.04,0.01,0.05,44.44,0.47,24.89,120.45,0
2025-07-10T10:00:00+00:00,4,74.58,0.01,0.05,44.34,0.46,25.08,123.48,0
2025-07-10T11:00:00+00:00,4,74.7,0.01,0.06,44.27,0.46,25.3,126.09,0
2025-07-10T12:00:00+00:00,4,74.84,0.01,0.06,44.1,0.46,25.41,127.31,0
2025-07-10T13:00:00+00:00,4,74.99,0.0,0.08,43.93,0.47,25.46,127.28,0
2025-07-10T14:00:00+00:00,4,75.13,0.0,0.09,43.77,0.47,25.31,125.73,0
2025-07-10T15:00:00+00:00,4,75.19,0.0,0.09,43.66,0.47,25.03,123.05,0
2025-07-10T16:00:00+00:00,4,75.3,0.0,0.09,43.64,0.46,24.54,119.3,0
2025-07-10T17:00:00+00:00,4,75.51,0.0,0.09,43.77,0.46,24.12,115.28,0
2025-07-10T18:00:00+00:00,4,75.96,0.0,0.09,43.91,0.47,23.83,111.52,0
2025-07-10T19:00:00+00:00,4,76.38,0.0,0.09,44.11,0.47,23.58,108.35,0
2025-07-10T20:00:00+00:00,4,76.81,0.0,0.09,44.63,0.47,23.51,106.99,0
2025-07-10T21:00:00+00:00,4,77.33,0.0,0.09,45.15,0.46,23.72,107.91,0
2025-07-10T22:00:00+00:00,4,77.65,0.0,0.09,45.44,0.46,24.2,110.73,0
2025-07-10T23:00:00+00:00,4,77.64,0.0,0.09,45.36,0.46,24.67,113.31,0
2025-07-11T00:00:00+00:00,4,77.49,0.0,0.09,45.07,0.46,24.72,113.86,0
2025-07-11T00:00:00+00:00,4,77.49,0.0,0.09,45.07,0.46,24.72,113.86,0
2025-07-11T01:00:00+00:00,4,77.2,0.0,0.09,44.55,0.45,24.32,111.73,0
2025-07-11T02:00:00+00:00,4,77.0,0.0,0.1,44.09,0.44,23.68,108.18,0
2025-07-11T03:00:00+00:00,4,76.7,0.0,0.11,43.76,0.43,22.88,103.94,0
2025-07-11T04:00:00+00:00,3,76.21,0.01,0.09,43.51,0.4,21.9,99.17,0
2025-07-11T05:00:00+00:00,3,75.86,0.01,0.08,43.42,0.38,20.79,94.25,0
2025-07-11T06:00:00+00:00,3,75.55,0.01,0.07,43.15,0.37,19.61,89.19,0
2025-07-11T07:00:00+00:00,3,75.01,0.01,0.06,42.71,0.35,18.33,83.51,0
2025-07-11T08:00:00+00:00,3,74.65,0.01,0.05,42.07,0.33,17.18,77.91,0
2025-07-11T09:00:00+00:00,3,74.43,0.01,0.05,41.57,0.32,16.16,72.53,0
2025-07-11T10:00:00+00:00,3,74.41,0.01,0.05,41.34,0.31,15.39,68.24,0
2025-07-11T11:00:00+00:00,3,74.26,0.01,0.05,41.24,0.3,14.94,65.59,0
2025-07-11T12:00:00+00:00,3,74.09,0.01,0.06,41.29,0.31,14.76,64.69,0
2025-07-11T13:00:00+00:00,3,74.12,0.0,0.07,41.62,0.32,14.78,65.23,0
2025-07-11T14:00:00+00:00,3,74.28,0.0,0.08,41.9,0.32,14.91,66.57,0
2025-07-11T15:00:00+00:00,3,74.41,0.0,0.08,42.03,0.32,15.22,68.41,0
2025-07-11T16:00:00+00:00,3,74.29,0.0,0.08,42.02,0.32,15.55,69.69,0
2025-07-11T17:00:00+00:00,3,74.48,0.0,0.08,42.01,0.32,15.76,70.0,0
2025-07-11T18:00:00+00:00,3,74.7,0.0,0.08,42.06,0.32,15.83,69.54,0
2025-07-11T19:00:00+00:00,3,74.89,0.0,0.08,42.1,0.31,15.65,68.12,0
2025-07-11T20:00:00+00:00,3,75.24,0.0,0.08,42.35,0.31,15.41,66.53,0
2025-07-11T21:00:00+00:00,3,75.7,0.0,0.08,42.84,0.31,15.26,65.58,0
2025-07-11T22:00:00+00:00,3,76.06,0.0,0.08,43.43,0.3,15.12,62.67,0
2025-07-11T23:00:00+00:00,3,76.47,0.0,0.08,44.04,0.29,15.24,60.78,0
2025-07-12T00:00:00+00:00,3,76.58,0.0,0.08,44.32,0.29,15.6,61.21,0
2025-07-12T01:00:00+00:00,3,76.5,0.0,0.08,44.27,0.29,16.04,62.98,0
2025-07-12T02:00:00+00:00,3,76.32,0.0,0.09,43.99,0.29,16.52,65.21,0
2025-07-12T03:00:00+00:00,3,76.0,0.0,0.1,43.4,0.29,17.01,66.76,0
2025-07-12T04:00:00+00:00,3,75.46,0.01,0.09,42.67,0.29,17.41,68.49,0
2025-07-12T05:00:00+00:00,3,74.82,0.01,0.08,41.74,0.3,17.95,71.54,0
2025-07-12T06:00:00+00:00,3,74.11,0.01,0.07,40.67,0.3,18.54,74.57,0
2025-07-12T07:00:00+00:00,3,73.44,0.01,0.06,39.61,0.32,19.04,77.74,0
2025-07-12T08:00:00+00:00,3,72.97,0.01,0.06,38.64,0.32,19.25,80.01,0
2025-07-12T09:00:00+00:00,3,72.71,0.01,0.06,38.03,0.32,19.13,79.96,0
2025-07-12T10:00:00+00:00,3,72.96,0.01,0.05,37.85,0.32,18.68,78.13,0
2025-07-12T11:00:00+00:00,3,73.21,0.01,0.06,37.94,0.31,17.95,74.59,0
2025-07-12T12:00:00+00:00,3,73.6,0.01,0.06,38.34,0.3,17.1,70.63,0
2025-07-12T13:00:00+00:00,3,74.17,0.0,0.07,38.87,0.3,16.33,67.05,0
2025-07-12T14:00:00+00:00,3,74.84,0.0,0.08,39.53,0.29,15.6,63.7,0
2025-07-12T15:00:00+00:00,3,75.62,0.0,0.08,40.39,0.28,14.9,60.51,0
2025-07-12T16:00:00+00:00,3,76.72,0.0,0.08,41.54,0.27,14.2,57.21,0
2025-07-12T17:00:00+00:00,3,77.77,0.0,0.07,42.5,0.27,13.72,54.87,0
2025-07-12T18:00:00+00:00,3,78.33,0.0,0.07,42.91,0.27,13.69,54.56,0
2025-07-12T19:00:00+00:00,3,78.54,0.0,0.07,42.81,0.28,13.99,55.69,0
